"Foreign direct investment, net inflows (% of GDP)",1970,1971,1972,1973,1974,1975,1976,1977,1978,1979,1980,1981,1982,1983,1984,1985,1986,1987,1988,1989,1990,1991,1992,1993,1994,1995,1996,1997,1998,1999,2000,2001,2002,2003,2004,2005,2006,2007,2008,2009,2010,2011
Afghanistan,"0,0131512244","0,0245752714","0,0094011147","0,0155769237",,,"0,0015652174","-0,0081264106",,"0,0324504964","0,2471357348","0,005174216",,,,,,,,,,,,,,,,,,,,"0,0276235652","1,1523637942","1,2127246443","3,2765315583","3,976666167","3,0821303545","2,5032517237","2,5125005","1,3015638725","0,4387258944",
Albania,,,,,,,,,,,,,,,,,,,,,,,"2,8190749841","4,7228538279","2,6691202081","2,8871944827","2,9901588404","2,1628033475","1,6500806536","1,1996264433","3,8788608568","5,0671956472","3,0341350608","3,1497905392","4,5721419795","3,1335226184","3,5615230968","6,1868377698","7,3908900587","8,0086376325","9,4141233873",
Algeria,"1,6473775055","0,0118174853","0,61359524","0,5851908083","2,7101268523","0,7648830261","1,0548077911","0,8509130682","0,5126295397","0,0772859261","0,8233953553","0,0297805078","-0,1184973239","0,000855798","0,0014947758","0,0006865774","0,0083466832","0,0055610005","0,0220315974","0,0217352567","0,0005397921","0,0254590238","0,062495707",,,,"0,5751840509","0,5396669545","1,258825367","0,5994990172","0,5112241259","2,0077566424","1,8666840904","0,9316568464","1,0373592272","1,0562922664","1,5328244561","1,2238265661","1,5176390926","1,9982631054","1,414500815",
American Samoa,,,,,,,,,,,,,,,,,,,,,,,,,,,,,,,,,,,,,,,,,,
Andorra,,,,,,,,,,,,,,,,,,,,,,,,,,,,,,,,,,,,,,,,,,
Angola,,,,,,,,,,,,,,,,"4,0856648926","3,6816480913","1,6117843587","1,6425850187","2,1544632573","-3,2630963982","5,4495145787","4,9824598472","5,71552893","4,1950181978","9,3744169046","2,3989939671","5,3633598872","17,2837359195","40,1570869489","9,6243032266","24,0092259075","14,6267604703","25,112026402","7,3285247717","-4,2564030951","-0,0835078709","-1,4777809599","1,9945363253","2,9212071916","-3,7995346255",
Antigua and Barbuda,,,,,,,,"3,3260541491","-9,2177528717","9,2150172276","17,8073897754","17,9973230018","16,6724832682","3,2622090512","2,5358607005","7,7280148813","9,1908665318","13,4728760718","9,7290265037","11,5444509674","15,4780374267","13,3513827178","4,6365893701","3,3383362074","4,9568966393","6,3711308898","3,5765623387","3,9569495631","3,6730184733","7,9454455949","5,3725222963","12,3998815019","8,0010690082","19,1920714973","8,6996708269","21,5949779129","30,8641494152","25,6626189867","12,6401295141","6,4352727193","7,9812798086",
Argentina,"0,2842242974","0,3774644775","0,2064895025","0,1907924783","0,0247388145","0,1060095983","0,4781754766","0,2536059593","0,4304195012","0,2974629202","0,8809551101","1,0638454402","0,269252481","0,1779203589","0,3388458924","1,0393967692","0,5174227099","-0,0171007572","0,9088257081","1,341390409","1,2988816648","1,2855788176","1,936790575","1,1797437678","1,411953265","2,1739265101","2,5532033315","3,1278791328","2,4387680459","8,4605814895","3,6657906562","0,806164239","2,105941749","1,2747275682","2,693609323","2,8741481642","2,5867414813","2,4823339302","2,9771210493","1,3081694612","1,9133114147",
Armenia,,,,,,,,,,,,,,,,,,,,,,,"0,1885936188","0,0665937911","0,6082916214","1,7244228572","1,1002092686","3,1680536749","11,6611351906","6,6129058966","5,4505116354","3,2980674174","4,6600625646","4,3060054493","6,9298885944","4,8849668886","7,0980549406","7,5906901742","8,0212050117","8,9904854526","6,0831140102",
Aruba,,,,,,,,,,,,,,,,,,,,,,"21,1851381499","-3,8578087757","-1,655492432","-5,8744389997","-0,418781717","6,1214570424","12,7899334852","5,0184501854","26,8741887924","-6,8860832797","-14,1100317965","13,6714410639",,,,,,,,,
Australia,"2,1541069063","2,5180250608","2,0061585893","0,2286445613","1,4842577304","0,4637460963","0,9836356916","1,0242117759","1,4045444567","1,0945298873","1,2364586643","1,3145119879","1,2074137305","1,670174485","0,1920157783","1,132520476","2,9087658053","2,7641617214","3,0933174564","2,4009057045","2,5824664753","1,3093725343","1,7345247535","1,3707079459","1,5346180169","3,2426483324","1,531488728","1,743765402","1,484727203","0,8482972864","3,266590565","2,1713808321","4,2784566512","1,7129848838","5,983225722","-5,1116145809","3,5228924025","4,7927040339","4,4537819786","2,9480235711","2,7019866297",
Austria,"0,738168719","0,805082506","0,6639631462","0,5486440994","0,5068051291","0,198939775","0,2139211898","0,1892938192","0,231322055","0,2553272699","0,2937416717","0,4645660813","0,2941573747","0,302281441","0,1709657917","0,2516765569","0,1899532234","0,3327222776","0,3296897339","0,4452512658","0,3962589827","0,2091416635","0,7470034817","0,5996518149","1,052018326","0,7966475676","1,8811698158","1,2624876962","2,1765695439","1,4170016285","4,4386802161","3,0811359392","0,1532892338","2,795184148","1,3355006413","26,7713219755","1,2349811994","17,057284134","1,5940655377","3,0181481643","-6,7628721761",
Azerbaijan,,,,,,,,,,,,,,,,,,,,,,,,,,"10,8125638547","19,7458748829","28,1332208037","23,0066541516","11,1393193937","2,4643738616","3,9686080991","22,3288875669","45,1498570704","40,966466418","12,6830237278","-2,7832306971","-14,3690467662","0,0302441127","1,0686138477","1,0876686927",
Bahamas,,,,,,,"2,273789245","4,4039270731","-0,1321480059","0,8422529804","0,3070471132","2,4114967267","0,1774060664","-0,3462603882","-0,2400666273","-1,3013315486","-0,5338726055","0,3979366437","1,3023882886","0,8295231875","-0,5464308275","-0,0417850577","0,009649405","0,8764553687","0,71801166","3,1146106737","2,4328068717","4,2329160014","2,7439869514","2,4800779804","3,9549260125","1,5708989173","2,1958908858","2,7369596178","3,856555856","7,3111662239","8,8678952514","8,5749530352","10,4386051099","8,5049519992","11,1857857369",
Bahrain,,,,,,,,,,,"-13,604878448","0,1196717469","0,7805660681","1,7160352634","3,6023152469","2,774743122","-1,045569393","-1,0584914705","5,9981322506","4,6809386779","-4,3196678601","13,4182172218","18,2825788635","-5,2881911283","3,7403268469","7,3611264348","33,5660163269","5,1862286487","2,9019424764","6,8528177464","4,5612397561","1,0134887773","2,5554375229","5,3007950524","7,7014369137","7,7903852794","18,3832882741","9,5074066319","8,1906914699","1,2486079665",,
Bangladesh,,,"0,0014312417","0,0290069684","0,0176575175","0,0079570065","0,0537529712","0,0724632441","0,0578975292","-0,0513924024","0,0469785631","0,027121463","0,0384806767","0,0023547639","-0,0028127345","-0,0308144584","0,0115145196","0,013477281","0,0071697822","0,0009241605","0,0107497933","0,0044914699","0,0117375804","0,0423616414","0,0330122304","0,0049983776","0,0332706102","0,3293480863","0,4310542337","0,3931866016","0,5949815876","0,1671220369","0,1100236073","0,5167911955","0,7936695469","1,3492947603","1,1263226269","0,9541981995","1,2690986167","0,7983269462","0,9136452678",
Barbados,"4,765840218","7,892872704","7,4041780227","1,9716587561","0,7008905769","5,7026451389","1,5830340526","0,9896658301","1,6278507898","0,798134993","0,325415489","0,8870587085","0,469977156","0,3474652271","0,0043670753","0,4047805009","0,5890995813","0,490106399","0,7495649201","0,4900457003","0,654803831","0,4386049497","0,9096632226","0,5727422352","0,7498801073","0,6320106816","0,6707359607","0,6750706476","0,666091424","0,702883465","0,7581530624","0,7262584544","0,7027163312","2,1615064903","-0,428470255","7,9288318091","10,7256378205","13,2495769377","12,5888495479","11,5577731661","16,275158177",
Belarus,,,,,,,,,,,,,,,,,,,,,,,"0,0411228167","0,1081056342","0,070320665","0,1052056199","0,7081451549","2,4886023257","1,3349086983","3,6577875079","0,9327262197","0,775405865","1,6930542181","0,9637912905","0,7078166027","1,0095964013","0,9577424845","3,9873475654","3,5886685343","3,8245413708","2,5639184628",
Belgium,,,,,,,,,,,,,,,,,,,,,,,,,,,,,,,,,"7,1522781299","11,0828203376","12,2799196899","8,9287031356","14,7142799218","21,027597928","36,4564402678","12,8854900287","15,5343600364",
Belize,"13,3186723237","5,6411945955",,,,,,,"1,4673514307","-0,0329380764",,"-1,0368066356",,,"-1,7543859649","1,7690652642","2,018872065","2,4769479673","4,4458558272","5,135618664","4,164144938","3,05809898","3,0107479156","1,6435625443","2,6464450735","3,3949873144","2,5854890336","1,8274280549","2,5621578302","7,3134610127","2,8051357806","7,015383542","2,7219215128","-1,1055217398","10,5553133716","11,3832053432","8,9710779943","10,9945999768","12,4875579222","8,0682050722","6,8843595349",
Benin,"2,0177214979","0,8410210113","1,1706313891","0,6933376533","-0,4220873503","0,2792002199","0,351183361","0,4167587779","0,0811015672","0,3007858932","0,307202842","0,1618972414","-0,0009601938","0,0009583234","0,0010886214","-0,0086065131","0,0823276357","0,0064004329",0,"4,1334456423","3,3807790957","6,4320023056","4,7757129161","0,0666479514","0,9118401804","0,6634146897","1,6085279355","1,2525910094","1,6256675772","1,6446720599","2,6492600796","1,8491778783","0,4811685116","1,2572167881","1,5774015249","1,2371873722","1,1235961777","4,6021615249","2,541395635","2,0229696579","1,6723815174",
Bermuda,,,,,,,,,,,,,,,,,,,,,,,,,,,,"1,1831587748","3,2803662256","1,8198592061","1,9222928212","1,1357205019","0,1371523315","0,3081314455","18,5430339534","0,8976741817","4,8206309707","9,7878761971","-2,3895535267","-1,5155747697","3,6429341649",
Bhutan,,,,,,,,,,,,,,,,,,,,,,,,,,,,,,,,,,"0,414256845","0,5018424453","1,1117418424","0,6820631419","6,1711055168","0,2462942039","0,5174811269","1,2525910317",
Bolivia,"1,9430347567","0,1734439834","1,2885494916","0,3642068611","2,1060827345","2,5615278482","-0,2964769796","-0,0371812143","0,3059958512","1,5153764549","2,0055150152","2,5273241774","1,0940061618","0,239734908","0,2107146264","0,3533386612","0,5052624642","1,5681291062","-0,2196790869","-0,5173899528","0,5587989216","0,9731887457","1,6495789326","2,1587864072","2,1768138033","5,8479580497","6,4093967199","9,2180739158","11,1715219877","12,1966504286","8,768307132","8,6686096345","8,5578935025","2,4423449237","0,7457726085","-2,4988490388","2,4518047657","2,7917667358","3,0724744868","2,439678146","3,1654285261",
Bosnia and Herzegovina,,,,,,,,,,,,,,,,,,,,,,,,,,,,,"1,6211158265","3,77274415","2,6530334774","2,0611482778","4,0258677385","4,5613347213","7,0823197534","5,6469250247","6,2693832169","13,5875935126","5,3034320208","1,4083037635","1,3966750339",
Botswana,,,,,,"-10,7819684095","3,030881767","2,708874035","6,9114618444","15,5940059082","10,5117824655","8,2385244996","2,0771395932","2,029922992","5,0077151077","4,810261045","5,0552121373","5,7798673324","1,5099149567","1,368055631","2,5290198676","-0,208307136","-0,0377282546","-6,8973305296","-0,3261785096","1,4750146416","1,4829257749","1,9327398343","1,8363805267","0,6251114326","1,0151303764","-1,1561429564","12,0139438546","9,5284314576","7,4447390522","4,801162139","6,6705290568","5,2297693208","6,6977685755","7,1823615703","1,7831633714",
Brazil,,,,,,"1,0524667055","1,0184832076","1,040464686","0,9989995469","1,0752569215","0,8131063762","0,956135069","1,0330787405","0,7914236416","0,762592174","0,6463541598","0,1286654624","0,3975053227","0,8486750055","0,2657454096","0,2140916084","0,2707826062","0,527694958","0,2947756014","0,5623969737","0,6318996738","1,3338363059","2,2555096743","3,7819385792","4,8692779538","5,0844030711","4,0567334443","3,2902629322","1,8360341265","2,7367864673","1,7078375571","1,7248523628","2,531869712","2,7264478755","1,6273908954","2,3232306099",
Brunei,,,,,,,,,,,,,,,,,,,,,,,,,,,,,,,,"1,0836218901","3,9304983797","1,8882815601","1,4380217926","1,8367549844","0,7657693543","2,1035560494","1,543688044","3,0336715458",,
Bulgaria,,,,,,,,,,,,,,,,,,,,,"0,0192991509","0,5108032267","0,4001195345","0,3692762351","1,0860518138","0,691708574","1,2260533896","5,0211524585","4,113973274","6,1896353529","7,7614618283","5,8617464351","5,6614856044","10,1450105343","10,5295442431","14,9243456309","23,359820368","31,3782675811","19,2597933891","7,051888654","4,9364956369",
Burkina Faso,"0,0876717904","0,208627196","-0,1210701652","0,6515171196","0,3547839729","0,0317709953","0,2100141366","0,4393193572","0,0783789663","0,0854970759","0,0012271154","0,1369792676","0,1110149054","0,1238099751","0,1145948538","-0,0919019766","0,1541415608","0,0561619689","0,1418146219","0,2169229574","0,0148324434","0,0181814944","0,1389591231","0,1362931736","0,9693203316","0,412552401","0,6272853953","0,3989844567","0,1571222261","0,2629134798","0,8893281929","0,3258128499","0,4883018174","0,7219727923","0,0749537269","0,5890036327","1,286111706","5,469550154","1,8949687306","1,2922988921","0,420932027",
Burundi,,,,,,,,,,,,,,,,"0,0468327169","0,1268200297","0,1208797725","0,1105524993","0,0509215013","0,1108942102","0,0764520533","0,0554078911","0,0504648857","0,0004278614","0,1981073785","0,000011507","1,0278588098E-05","0,2237710145","0,0295343442","1,6477418894","0,0014545396","1,710566109E-06","0,0007762021","0,0066981859","0,0734193285","0,0034914041","0,0510377508","0,3279329101","0,0262047091","0,048482085",
Cambodia,,,,,,,,,,,,,,,,,,,,,,,,"2,1361412399","2,4682643372","4,3821850962","8,3725541996","5,9156418467","7,7817266336","6,6028637763","4,0641012258","3,7538814617","3,3871477774","1,8028381114","2,4619770416","6,0571650164","6,642578825","10,0390320936","7,8747457362","5,1828185048","6,9612008088",
Cameroon,,,,,,,,"0,258751473","0,919483013","1,0685801545","1,9260148447","1,7729817955","1,5218035993","2,8965787121","0,2264544543","3,8809569743","-0,8539573384","0,9422982826","0,7392968775","-0,7696050944","-1,0117969827","-0,1165965916","0,2562563847","0,0378412321","-0,0976706195","0,0835020091","1,0410233286","0,7960491377","2,2337818581","-0,1477595765","1,576187234","0,7635276904","5,5308669761","2,4685992318","0,5459280804","1,4107093779","0,0912399224","0,9234867624","-0,1019475021","3,0129463433","-0,002451949",
Canada,"2,115844151","2,3322795161","1,9023754012","2,4697646329","2,3640657181","1,9838773929","1,2082485381","1,622782205","1,7422582581","2,2238888676","2,1619409761","0,2207477426","0,0292453627","0,5989943263","1,3693967702","0,3813986987","0,7722297699","1,9250497395","1,2186964409","1,0848953827","1,3008932422","0,4804995673","0,8242507633","0,8424969577","1,4568374568","1,5781319987","1,5698454308","1,8074012498","3,6873755194","3,7486886703","9,1243640275","3,8733666657","3,0017917661","0,832224563","-0,0747094782","2,2845028893","4,7155704308","8,2618433818","3,8516168896","1,6795268145","1,4956458083",
Cape Verde,,,,,,,,,,,,,,,,,"-0,0040901866","1,0725556166","0,2048418549","0,0589509296","0,0745816179","0,4965177368","0,1143780533","1,0031917523","0,5181157472","5,3363531251","5,680874064","2,2859078117","1,6755358698","9,1386090615","6,1986470825","1,6185452289","2,3844194302","4,8227255034","7,3125839191","8,2759825916","11,8978762083","14,413084422","13,6285305282","7,5481828619","6,7777457038",
Cayman Islands,,,,,,,,,,,,,,,,,,,,,,,,,,,"121,6570941302",,,,,,,,,,,,,,,
Central African Rep.,,,,,,,,"-0,5608457551","0,9965077068","3,2475049819","0,670425858","0,8320930523","1,2232562155","0,6784833443","0,8073166147","0,3459043579","0,7285006836","0,9819315025","-0,298345218","0,1013056912","0,0469139439","-0,3470738449","-0,7444519075","-0,7683836239","0,4223071104","0,5526807792","1,0210087727","0,1492550951","0,7259626026","0,3593393755","0,0878375623","0,5357888634","0,5374628442","1,9483173367","2,2513049239","2,4013253924","2,3438291272","3,3447052768","5,9062073628","2,1337015112","3,5785006472",
Chad,,,,,,,,"2,2615346361","3,064485539","-0,1284451763","-0,0416261249","-0,0125435854","-0,0143820562","-0,0108118749","0,9994770183","5,1932467574","2,6409141691","0,701550427","0,0869583389","1,3070675155","0,5406616096","0,2258498783","0,104193611","1,0360646525","2,2947617223","2,2554273631","2,4553519822","2,8675009461","1,2436108431","1,5957241323","8,3153923243","26,9030875193","46,4878200273","26,0412835448","10,5729724668","-1,873701941","-4,5780785891","-0,9902815993","2,7950200012","6,7525851383","10,2978459016",
Channel Islands,,,,,,,,,,,,,,,,,,,,,,,,,,,,,,,,,,,,,,,,,,
Chile,,,,,,"0,6919000909","-0,0101445107","0,1571956834","1,1753680793","1,1770510429","0,7725142309","1,1732317054","1,6475329879","0,6828389199","0,4055585005","0,875287473","1,7802191969","4,260338185","3,9280200985","4,5217483312","2,0951282316","2,2586651717","2,1051118302","2,1686169327","4,6815994923","4,144405129","6,3543342008","6,3657342547","5,8304249124","12,0021669976","6,461883522","6,1249345156","3,7908389968","5,8216534625","7,4987081703","5,9059815712","4,9725781509","7,6278017509","8,8729963865","8,0032171902","7,0954116222",
China,,,,,,,,,,,,,"0,2116316547","0,2783906508","0,4886724574","0,5409782714","0,6295497985","0,8558572378","1,0319116405","0,9864126807","0,9769233689","1,1505561601","2,6394680752","6,2462982629","6,0417573759","4,924291958","4,6934606616","4,6435600635","4,2915916968","3,5773829517","3,2040136097","3,3394300347","3,3915973369","2,8688545173","2,8440268412","5,1933249891","4,5736926801","4,5806889681","3,8733821339","2,2882921274","3,1228760063",
Colombia,"0,5973571694","0,551484797","0,212850632","0,2311275784","0,3305546476","0,2829978323","0,1629577094","0,3338301708","0,4599477508","0,4545391203","0,4704621253","0,7282542765","0,9392317216","1,5956695787","1,5266728276","2,9317008677","1,9288840656","0,8770166414","0,5176914594","1,4567495738","1,2414894472","1,1079169989","1,4787056237","1,7187389647","1,7704227132","1,0468022589","3,2026276416","5,2149278276","2,8735460172","1,7495931948","2,4276284086","2,5742378876","2,1721649467","1,8126372363","2,5733271956","6,9945725449","4,0882483951","4,3627201132","4,3313085077","3,0263041799","2,3933194541",
Comoros,,,,,,,,,,,,,"0,1400703259",,,,,"3,8418012981","1,815659462","1,6436181506","0,1571804581","1,0153722727","-0,5435892118","0,0723559981","0,0956687602","0,3835915255","0,2212645196","0,0094295931","0,1783788383","0,1217535697","0,0463772832","0,5205975672","0,1713720987","0,2446318856","0,1852418352","0,1443387847","0,1429355734","1,6179409547","1,4187096191","1,6979280952","1,7356882525",
"Congo, Dem. Rep.","0,1318248326","0,1025958107","0,1695900072","0,2251519802","0,5416298396","0,0890856139","2,4711400063","0,1473539702","0,6354159296","0,9546454014","0,7615182505","0,5553596576","-0,0173605167","-1,7515674856","-0,4129691824","0,9616343321","0,0685577304","-0,7189074981","-0,0444630022","-0,067724373","-0,1546563004","0,1363341476","-0,0088956836","0,0641588834","-0,0257714986","-0,3960350942","0,4295277447","-0,7281425249","0,9863607403","0,2368786674","1,6721642256","1,7114905595","2,5448792161","6,9010772556","6,2810250995",,"2,9976620617","18,1478713155","14,7990363482","5,924565592","22,3610297958",
"Congo, Rep.",,,,,,,,,"0,4609160442","1,3748977967","2,3468306785","1,5471580578","1,6360501011","2,6739166542","1,5932124969","0,5872450653","1,2134334862","1,8909220554","0,4110757078","-0,2981756337","0,8057713187","1,2020251394","0,0933793484","14,9066580287","0,1689857079","5,9082746442","2,8566568263","3,4085748832","1,6813315606","22,8646565364","5,1524806145","2,7630286219","10,9652997708","9,2430357319","-0,1832396775","8,4374124023","19,242566665","31,4294596132","20,9395441927","21,7177066774","23,4509157569",
Costa Rica,,,,,,,,"2,0342223742","1,3794242951","1,0779281405","1,0887007167","2,6526340463","1,1087149719","1,5264856751","1,2168286942","1,4572735946","1,1135663371","1,3747333014","2,0152514723","1,4752995758","2,1949204675","2,4907342766","2,6359955655","2,5595822332","2,8188410101","2,8739953967","3,6050136611","3,1816256975","4,3493432377","3,9215432479","2,5621039144","2,806566446","3,9143952","3,2827955154","4,2687617077","4,3127803983","6,5216148076","7,2034622092","6,9666697186","4,6025220592","4,0903448845",
Cote d'Ivoire,,,,,,"1,7735758942","0,9606212407","0,2338785135","1,0544468279","0,817516456","0,9303658626","0,3884067707","0,6273889243","0,5487815238","0,3177813309","0,4178867423","0,7724739093","0,8675074322","0,5041747368","0,1895455873","0,4456719647","0,1554026464","-2,0697067871","0,7958296965","0,9380893102","1,9225458213","2,217432629","3,5428808803","2,9729075819","2,577768477","2,2530623377","2,5858062262","1,8510955892","1,2036221344","1,8279066956","1,9062076675","1,8360057949","2,1559080551","1,9054739919","1,6529647556","1,8346262218",
Croatia,,,,,,,,,,,,,,,,,,,,,,,"0,126465545","1,3227485939","0,7850036816","0,4901345547","2,1101050469","2,3025413108","3,7473733355","6,2934725473","5,1582284852","6,8645191302","4,1469156695","6,0005899983","2,6304178242","3,9893746294","6,9434681435","8,4200588415","8,6217812564","5,174460976","0,6697517403",
Cuba,"-0,0017565415","0,001446203","0,0002458467","-0,0025030764",,,"-0,0002900741",,,,"5,0218728152E-05",,"4,7724700411E-05","0,0004503345","0,0007903697","0,0006980348","0,0007017172","0,0005155945","0,0004005973","0,0008510575","0,0040844202","0,0393537536","0,032690602","0,0120265094","0,0455211306","0,0177464399","0,0770266975","0,0040210989","0,0589821499","0,0315526365","-0,0335348697","0,0137296304","0,0078891588","-0,0202219963","0,0091878082","0,0365817626","0,0491068805","0,1087144567","0,039829041",,,
Cyprus,,,,,,"3,6945372196","5,6240953123","5,634857963","5,9154281976","5,473196591","3,9443414095","3,7511289222","3,3123119454","3,1641792184","2,3125881262","2,3845437204","1,4986487056","1,4026242517","1,4524633917","1,5284340722","2,2645772205","1,4179929428","1,5543804076","1,2659985454","1,0123493953","2,6284655842","2,5008786882","6,1368355891","3,6154175113","8,3166502952","9,1774558925","9,7604412386","10,4519414142","6,8181573354","7,0736788619","6,836022402","10,1483149178","10,5094511066","3,7648754719","14,8882933918","8,1525079758",
Czech Rep.,,,,,,,,,,,,,,,,,,,,,,,,"1,9030408894","2,1373218182","4,6465832486","2,314570718","2,2516778007","5,9828100062","10,4874109603","8,7923231388","9,1211114375","11,2872638794","2,212484819","4,544899063","9,3152245258","3,8719163402","6,0879181111","3,0416421534","1,508288153","3,4994535762",
Denmark,"0,6268635125","0,6751083621","0,7259511313","0,7075672813","0,7197142351","0,6742101302","-0,4356975106","0,1551531548","0,1508778428","0,3237285083","0,1493625767","0,1647303226","0,2271064556","0,1015640429","-0,0266082461","0,1815302454","0,1890412283","0,0788522868","0,4445241038","0,9899881751","0,8334523964","1,1357599123","0,6773740983","1,2179529508","3,2593746925","2,2746132055","0,4193567758","1,6379639238","3,8436743744","9,6857906278","22,4967088173","5,7867814745","2,5481262898","0,5572452347","-3,5975312518","4,9807838104","0,8819692217","3,7921583245","0,6371986417","1,2594158548","-2,4670860385",
Djibouti,,,,,,,,,,,,,,,,,,,,,,"0,4952416452","0,479043307","0,3054574136","0,2895283321","0,6466491562","0,6606298506","0,6167726095","0,6170934655","0,5993322092","0,5961294458","0,5927420068","0,5806493373","2,2867398037","5,7866948258","3,1323327226","14,0839401369","23,0388936447","23,1701380736","9,2330467338",,
Dominica,,,,,,,,"0,2199592707",,,,"7,2487276855","0,2775778809","0,2502317004","2,5598747309","3,0430536265","4,6265698107","10,6994197821","8,2953350068","11,2119965773","7,7493485146","8,4363070581","10,644133128","6,5862180406","10,4892215975","24,1444883957","7,5281956217","8,5908893788","2,5193827245","6,706321878","5,3527153088","5,0845158419","6,0430513221","9,0816559215","7,0206971819","5,2250821671","6,5702361356","9,545710016","12,1871518067","8,8647662461","5,2191775218",
Dominican Rep.,"4,8202502299","3,9006240999","2,1888995471","1,4714036513","1,8321028165","1,7753451587","1,5184491819","1,558718962","1,3321045576","0,3109769332","1,3979791752","1,0967387107","-0,0175791054","0,5590350184","0,6630914747","0,7176018677","0,8167094493","1,5273592464","1,9742105036","1,6450829966","1,8773834708","1,4910977833","1,5934107757","1,4588012337","1,4251125162","2,5326288973","0,5322137394","2,1466357486","3,3054281766","6,1624094235","3,9709698433","4,3346214595","3,4504557936","2,8822156883","4,1246445196","3,3016671095","3,0167292253","4,0358548825","6,2656408335","4,6280845189","3,1406485957",
Ecuador,,,,,,,"-0,3499377486","0,4981719549","0,6247807422","0,6612020928","0,5882004575","0,429347354","0,3031606489","0,4468929089","0,4391181017","0,5236187637","0,7856493772","1,351743132","1,703603538","1,6793373625","1,2166902337","1,4098854687","1,4837350761","3,1448785705","3,1015652216","2,2393697015","2,348318861","3,0614441691","3,7392517836","3,8868848696","-0,1470323323","2,5344402469","3,1688061706","3,06768747","2,5637115871","1,3356307366","0,6508303416","0,4266886242","1,8552414749","0,6130055403","0,2885508049",
Egypt,,,,,,,,"0,7158882154","2,1425460279","6,7012983605","2,3929545967","3,215374605","1,1471054589","1,7414563808","2,3794858963","3,3945988693","3,3930314","2,3395769413","3,3956697177","3,1531675406","1,7018152906","0,6843283775","1,0966305047","1,0584252632","2,4201325564","0,9940284409","0,9404149845","1,1353759283","1,2684370259","1,1743928266","1,2369972434","0,5222672463","0,7363631059","0,2862873406","1,5895707375","5,9938189792","9,3435271879","8,8736156451","5,8314126186","3,5514101036","2,9172073264",
El Salvador,,,,,,,"0,5566340665","0,6336601159","0,7468126283","-0,2875587649","0,1645233911","-0,1664145148","-0,0294187807","0,8008332836","0,337549664","0,3262841411","0,6398670882","0,4628546731","0,4047848626","0,3284376203","0,0395398564","0,4741200324","0,2571003096","0,2368416149","0,0269616643","0,4003710638","-0,0465051503","0,5302653246","9,1911536451","1,7312953965","1,3202226978","2,0191498409","3,2851740793","0,9384117448","2,2994246216","0,3224560952","0,0944977818","0,5228078727","1,7318370585","1,1180484972","-0,0262082424",
Equatorial Guinea,,,,,,,,,,,,,,,,"3,0656604604","5,6955563616","1,4033299537","0,3930751908","0,7948265373","8,3805590294","31,6433463376","3,903332708","14,6595815547","13,5158541976","77,4021994538","145,2018887149","10,7388024535","60,2825920761","17,6941989749","12,3183505066","54,1866471449","15,0641645311","23,3636663792","6,5049557214","9,360088385","4,8890664655","9,8825995144","-4,3089980755","13,3872807164","4,9622382859",
Eritrea,,,,,,,,,,,,,,,,,,,,,,,,,,,"5,2919893681","5,9866348034","19,9212670748","12,0800554486","4,3995481284","1,7597563445","2,9608572146","2,5280599487","-0,7096175855","-0,0946837441","0,0371536355","-0,0083460817","-0,0169062205","0,0019149706","2,6263479677",
Estonia,,,,,,,,,,,,,,,,,,,,,,,"2,0637052899","4,2030940445","5,4080809143","4,6286910299","3,1768321506","5,2699841002","10,3698936954","5,3489590625","6,8239102222","8,6937078559","3,8845471152","9,3342599439","8,0275313247","21,1552869875","10,6348863978","12,5583804322","7,4196816848","9,9046422116","8,0092874111",
Ethiopia,,,,,,,,,,,,,,,,,,,,,,,"0,0012058438","0,0399381206","0,2503210777","0,1859138294","0,2585205914","3,2448051229","3,2303368828","0,8940767949","1,6460595877","4,2773597616","3,2736171458","5,4346656924","5,4217389387","2,1542225926","3,5956187568","1,1353947859","0,407385571","0,6928785704","0,9700557898",
Faeroe Islands,,,,,,,,,,,,,,,,,,,,,,,,,,,,,,,,,,,,,,,,,,
Fiji,,,,,,,,,,"0,9973668308","3,0213765315","2,9330653661","3,0843625922","2,8444535666","1,9791482575","1,899050005","0,6225815456","1,3718723252","2,8471476933","0,7410285288","6,873698694","0,3721948531","6,762843661","5,5761364204","3,7007301032","3,5294554807","0,1137884873","0,7442820162","6,4586145936","-1,7096481294","0,0351149987","2,4878985297","1,6646624109","1,7407155223","9,1885617578","5,1790548557","13,289022208","9,9941394956","8,6185908005","1,9476066875","6,150693489",
Finland,"0,1604538664","0,2019627234","0,2539818766","0,0675642597","0,1425458516","0,2344250956","0,1842463828","0,1451897532","0,0943388678","0,0626536469","0,0527277119","0,1924011089","0,0017451595","0,1679837632","0,2613000334","0,2046414767","0,480734361","0,2939918143","0,4961076579","0,4196888126","0,5847869948","-0,1858762309","0,3597760832","0,9886187005","1,4863923035","0,798224348","0,8715282225","1,7306701229","9,2696831004","3,5674260097","7,492540473","3,0001332923","6,1220021551","2,113985293","1,5184103531","2,4546514383","3,7139941357","5,1526311418","-0,8404354142","0,190270557","2,9709041384",
France,"0,4226305032","0,3211176223","0,3267735608","0,4304333616","0,654455756","0,4397772777","0,2661323483","0,4677360704","0,4942287407","0,4278033844","0,4755412887","0,4080543525","0,2758986229","0,3135620706","0,4596609844","0,4775645912","0,429239998","0,5599453107","0,8480077761","1,0232204513","1,059610484","1,216691064","1,5906780624","1,6001527389","1,1547541385","1,5098844853","1,3970135747","1,6213895398","2,0095978122","3,157505404","3,1952314273","3,7617004827","3,413750125","2,4027222717","1,5969879878","3,9782025688","3,1844053202","3,8070370408","2,3496814222","1,3382099416","1,3152923442",
French Polynesia,,,,,,,,,,,,,,,,,,,,,,,,,,,,,,,,,,,,,,,,,,
Gabon,,,,,,,,,"2,3663025153","1,8166164266","0,7366339813","1,4130462816","3,641333253","3,2980301283","0,2281215196","0,4518464038","3,2391065697","2,7365212109","3,4567759741","-0,7293118925","1,2341072515","-1,0103621759","2,2698646422","-2,5970497408","-2,3766727544","-6,3426993815","-8,5893920416","-5,843948261","3,2704803808","-3,3588344114","-0,8411163131","-1,8903850698","0,7901489544","2,6092452733","4,4510956206","2,7964725849","2,8054236493","2,3276089429","1,4380604937","0,2999463668","1,2970051955",
Gambia,,,,,,,,,"1,1658448069","5,6393771351","0,116143664","1,0424766333","0,1249974992","-0,1874289516","-0,958590338","-0,221514322","-1,0739437152","0,6694314862","0,4389608686","5,2049985321","4,4553481497","2,9033644593","1,8216106947","3,0201645834","2,6781835765","2,02323236","2,7215899418","2,8480108575",,,,,,"5,1998053891","13,8538836203","11,6369876389","16,1730102768","11,9974498753","9,5648237504","5,3781288455","4,6329942668",
Georgia,,,,,,,,,,,,,,,,,,,,,,,,,,,,"6,9077675152","7,3419119855","2,9392601615","4,2921954502","3,411717687","4,71797418","8,384306896","9,6049963404","7,0619603765","15,1067360468","17,2050035423","12,2237194887","6,1150795731","6,9999323163",
Germany,,"0,4560873699","0,6539561914","0,5453274805","0,5051891661","0,1454303453","0,2627117048","0,1634773863","0,2237708972","0,2031391085","0,0372360784","0,0413102008","0,1012241352","0,231165609","0,0755181637","0,1158796708","0,2213649379","0,1686448425","0,0785218607","0,5180845319","0,1752097641","0,262538712","-0,1025577042","0,0199925469","0,3394030794","0,4750750032","0,2638196207","0,5931869317","1,0851235181","2,6234377424","11,1368364533","1,3914226696","2,671464184","1,2762516736","-0,3595629894","1,6799924792","1,9513975908","2,4247053369","0,1320873094","1,1797612606","1,4060950377",
Ghana,,,,,,"2,5219670623","-0,6603519437","0,6025151539","0,2647439804","-0,0696477945","0,3509381272","0,3851740858","0,4038657593","0,0591530023","0,0453280402","0,1243244826","0,0750750395","0,0926139381","0,0962456066","0,2857719373","0,2514439488","0,3030496638","0,3508703477","2,0953100306","4,2826788688","1,6492599522","1,7327193301","1,1882583925","2,2397588671","3,160907346","3,3330059994","1,6819991962","0,9562359912","1,7936390586","1,569792705","1,3522884438","3,119482589","3,4725694931","4,2780640089","6,48512263","7,8223255944",
Gibraltar,,,,,,,,,,,,,,,,,,,,,,,,,,,,,,,,,,,,,,,,,,
Greece,"0,395428178","0,3018505015","0,3415849539","0,290941848","0,2771562159","0,088231256","1,026720763","1,121857702","1,0138703169","1,1799363274","1,2400646963","1,041755461","0,8371454473","0,9313951432","1,0591793646","0,9802579586","0,8760907959","1,0909828571","1,2472495566","0,9961221433","1,0766462839","1,132047604","1,0322332492","0,941628647","0,8822951619","0,8067587997","0,7665078273","0,7307666196",,"0,4259409642","0,8707731743","1,2207172521","0,0363309766","0,6905324497","0,9234424492","0,2739413322","2,0609387062","0,6424133018","1,5544435322","0,7518133433","0,1428023924",
Greenland,,,,,,,,,,,,,,,,,,,,,,,,,,,,,,,,,,,,,,,,,,
Grenada,,,,,,,,"-0,187539074","2,072595716",,,,"1,9951773843","2,4700844308","2,5431425057","3,206517234","3,1118997289","8,8035968954","8,1185775358","4,9193437109","5,8235188302","6,3228260653","8,999660448","8,0908692548","7,3769101473","7,2305631304","5,7569511802","10,9857407732","14,2849383092","10,9453725394","7,1971508444","11,3117768307","10,0880397032","15,1379336264","10,9486187307","10,0596966684","12,8078518879","20,6220455","17,1372177882","13,4748273229","7,7855795185",
Guam,,,,,,,,,,,,,,,,,,,,,,,,,,,,,,,,,,,,,,,,,,
Guatemala,,,,,,,,"1,7790346869","2,0953447102","1,695013426","1,4050541276","1,476619178","0,8844786375","0,497237548","0,401267154","0,6356944082","0,9513322561","2,120151372","4,2070478777","0,9059861707","0,6235191766","0,964268129","0,9012682825","1,2500062697","0,5021860839","0,5130683034","0,4872769408","0,4744596463","3,4691727876","0,8440205537","1,1917742238","2,4356126499","0,5324101479","0,5977352364","1,2351201244","1,8690812323","1,9575847458","2,1842044796","1,926089743","1,5922287039","2,1392986563",
Guinea,,,,,,,,,,,,,,,,,"0,4369081489","0,6294274043","0,6576365331","0,5069840068","0,6697626811","1,2859504885","0,5994595529","0,0829505178","0,0062071065","0,0208189319","0,6144688991","0,4572401382","0,496324802","1,8332058331","0,3194357913","0,0579807338","0,9825259774","2,2912491243","2,6702372911","3,5749884385","4,4305097322","9,1677275223","10,1072980684","1,1962582305","2,2469345032",
Guinea-Bissau,,,,,,"-0,1192816468",,"0,0347912968",,"0,194030893",,,,,"1,6536816006","1,0009992447","0,6296792881","0,0690303947","0,4134803744","0,2205086084","0,8279990828","0,8127541323","2,5760717247","1,3931051875","0,1824966555","0,0157504822","0,3808902369","4,2744658389","2,1346455149","0,3256353511","0,3259470724","0,1987666914","1,7489176019","0,8428700838","0,3303028925","1,5174032947","3,0637908824","2,7171955294","0,6072897662","2,090935404","1,0072348218",
Guyana,,,,,,,,"-0,3922614548","0,7927743357","0,1108957297","0,0975191138","-0,3116955475","0,9197787002","0,9673024526","1,0257530549","0,3993430616","-1,7834103226","1,2267625912","0,5074915575","-0,5424201843","1,992020501","3,6648921229","39,8092346164","15,7233044366","19,725447718","11,9718135778","8,3639772417","6,941311175","6,1321418321","6,6210392241","9,4153248152","8,0427244598","6,0349285752","3,5178552036","3,8171883857","9,3104389439","7,021157129","8,7569095163","8,7381770348","10,2677274862","12,1117075192",
Haiti,,,,,,,,,,,,,,,,,,,,,,"-0,0517785012","-0,1041959804","-0,1550142469","-0,1317688285","0,2745316542","0,1380069347","0,1233552379","0,2863605831","0,7337289875","0,3615769162","0,1254282396","0,1773142043","0,4882396043","0,1611723244","0,6258660601","3,2911585724","1,247637791","0,4650649394","0,5857721264","2,2355578025",
Honduras,,,,,"-0,1111648139","0,6227758007","0,3894658939","0,5330937509","0,6815237221","1,2524983522","0,226032733","-0,1276822132","0,4752884397","0,682482945","0,6161494426","0,7555983098","0,7877116909","0,9307646068","1,2165062838","1,4311979695","1,4267458588","1,6979189894","1,3920265624","0,7668027238","1,0138806736","1,2784280268","2,2533257961","2,6055103472","1,9030352934","4,4169023036","5,3712889349","4,020919368","3,5384816753","4,8916933128","6,1645519181","6,146783275","6,1287032437","7,5036103564","6,6944730539","3,691041047","5,177753783",
"Hong Kong, China",,,,,,,,,,,,,,,,,,,,,,,,,,,,,"8,8461621765","15,0522868785","36,6151412955","14,272025057","5,9115321298","8,5919538945","20,5150045928","18,9105990329","23,7209849497","26,2522814629","27,6805187394","25,0355204178","31,6612382502",
Hungary,,,,,,,,,,,,,,,,,,,,,"1,6753591894","4,2869762671","3,8915627238","5,9670831097","2,7006622313","10,5443422224","7,1606507981","8,9286804382","6,9716143296","6,8545690217","5,9727154106","7,4806899191","4,5381458134","2,6062838017","4,2008949902","6,9126475094","17,3480171256","52,0515500365","47,0331172674","3,259651837","-32,8717347064",
Iceland,,,,,,,"0,2735968601","0,1930332204","0,3273236949","0,1102746511","0,6694033068","1,5401380858","1,1332262705","-0,858723767","0,4854702582","0,8027634007","0,2162564632","0,0441295111","-0,2460037319","-0,4902896694","0,3474845911","0,2712337796","-0,1867948461","0,0034458419","-0,0218073228","-0,1326832831","1,1371282235","1,9913233337","1,8060206475","0,7480801559","1,7859348428","2,0982228998","1,0393426706","3,0640309418","5,7127254042","19,1815754141","23,3381231925","33,6746742771","7,1660455267","0,5248985276","2,0479532996",
India,,,,,,"-0,0106455204","-0,0076235502","-0,0301182875","0,0133626351","0,0321964369","0,0430688775","0,0482635834","0,0364664988","0,0026211924","0,0091763349","0,0461380066","0,0477859285","0,0769264786","0,0311274118","0,086065225","0,0745558707","0,0274882906","0,1126079695","0,1993824362","0,3008510002","0,6016374344","0,6247186976","0,8705762963","0,6329456334","0,4813996961","0,7788694607","1,1451209006","1,1092568888","0,7211052699","0,7998213851","0,9120022465","2,1376123316","2,0510393992","3,5696162549","2,5845330398","1,3988203058",
Indonesia,,,,,,,,,,,,"0,1438243985","0,2375543587","0,3420437272","0,2533886764","0,3549393124","0,3222556593","0,5070485162","0,648739068","0,6722179","0,9551983314","1,1562948644","1,2773487956","1,268299445","1,1922519009","2,1500797963","2,7241979826","2,1677982985","-0,2522904473","-1,3325735286","-2,7574399304","-1,8556861947","0,0741516384","-0,2542563258","0,7382439569","2,9161149268","1,3479426023","1,6030105719","1,8262720628","0,9042958267","1,8923536656",
Iran,"0,2644490125","0,4938100347","0,5579136846","2,1772603341","0,7297376184","1,0101749294","-0,1596653967","0,4620477188","1,2447184561","0,1907314381","0,089858836","0,0290670967","-0,1119836077","-0,05333416","0,0278896739","-0,0223526858","-0,0565663634","-0,2406142876","0,0520524201","-0,0170346267","-0,311931665",,,"0,3454082862","0,0029793731","0,0187163872","0,0235137843","0,050332995","0,0233777114","0,0334428858","0,0385046321","0,9394405372","3,1412479142","1,9923723101","1,75424126","1,6329901177","0,7387670758","0,5836496057","0,4776788048","0,9111615015",,
Iraq,"-0,0253380885","-0,0043430483","-0,0016803324","-0,1010412343","-0,0679430782","-0,2791007395","0,0069648418","0,018819816","0,0010829555","0,0040693044","0,0032168439","0,0126458555","0,0065802801","0,003920521","-0,0110743614","0,0008822645","0,0048760276","0,0302272664","0,0005528576","0,0055139733",,,,,,,,"0,0110739088","0,0679165461","-0,038456474","-0,0121436634","-0,0340619333","-0,0083818359",,"1,1648184724","1,6454340851","0,8495993484","1,7052139448","2,1445724328","2,2264763064","1,736329359",
Ireland,,,,,"0,668667547","1,7201345453","1,8839234761","1,2491626516","2,6422360133","1,8955027732","1,3584727399","1,0151590173","1,1623131254","0,8425923124","0,6225312809","0,7935945731","-0,14509229","0,2713416418","0,2499325335","0,2236614008","1,3124664268","2,8106235986","2,6591192984","2,2060239578","1,5143025775","2,1578242881","3,5385320919","3,3799671942","12,5228415936","19,0028559077","26,1483268345","9,0561182336","23,8492866952","14,084104961","-5,8809501371","-14,9221372646","-2,4692506454","9,4558434267","-6,1969568444","11,9009090397","13,109104604",
Isle of Man,,,,,,,,,,,,,,,,,,,,,,,,,,,,,,,,,,,,,,,,,,
Israel,"0,9120858853","1,0227685482","1,5891185103","1,6121770686","0,6683859674","0,3647568152","0,3767248875","0,5879676742","0,2863679175","0,0628164548","0,234149366","0,4931813963","0,0866815187","0,286125621","0,3436654775","0,4655373642","0,4828048046","0,6316885368","0,6087603147","0,3596430877","0,2876720579","0,5840769266","0,8947683102","0,917549724","0,5914044016","1,4056134221","1,3258969535","1,507336481","1,5810847598","3,7458038405","6,450942071","1,4393887373","1,4003153599","2,7938541459","2,3232671017","3,589208166","10,4876031238","5,2686512748","5,380515597","2,2713854991","2,3706509789",
Italy,"0,5712885809","0,4578885989","0,4814841032","0,3926749054","0,3102240101","0,2941523381","0,0501931276","0,4545767723","0,1568151758","0,1095286916","0,1253887524","0,2715884821","0,1499195797","0,2786787611","0,3130235792","0,2459684883","-0,027836935","0,5377569821","0,7917364872","0,2420477565","0,5656121489","0,2008497354","0,2440743852","0,3653521829","0,2076501492","0,427806087","0,2800070689","0,3086675839","0,2151436596","0,5746542997","1,1935045629","1,3236516804","1,1997581542","1,0919612804","0,9674976904","1,0993166419","2,0826145006","1,8824397655","-0,4112333202","0,7813077394","0,4654883892",
Jamaica,,,,,,,"-0,0202289725","-0,2984860413","-1,0058506181","-1,0886309794","1,0338214883","-0,3860319591","-0,4797333455","-0,5166798787","0,5139948797","-0,4285226532","-0,1669964436","1,6245781109","-0,3134515523","1,2962724931","3,0029126217","3,2438704134","4,0277730953","1,5926511855","2,6264989757","2,5354899871","2,8143324773","2,7206306106","4,2220718767","5,9303068292","5,1983488507","6,7428076869","4,9716365968","7,6678836514","5,9358969607","6,1199871711","7,358006357","6,7202170843","10,0847351901","4,3012810164","1,5974842123",
Japan,,,,,,,,"0,0028613599","0,0010182488","0,0234789958","0,0261438659","0,0160501363","0,0399850806","0,0341613617","-0,0007839676","0,0467477418","0,0111948263","0,0474220171","-0,0162145938","-0,0349208229","0,0581209607","0,0368954134","0,07270534","0,002728693","0,019077023","0,0007471345","0,0044725797","0,0750867052","0,0847311813","0,28173817","0,1762676122","0,1511657862","0,231915888","0,1475078431","0,1694987209","0,0705950502","-0,1554943642","0,5066320595","0,5031251866","0,2351312677","-0,0248936957",
Jordan,,,"0,0710226773","0,225733725","0,5703920881","1,8811673716","-0,4567039637","0,5466804431","2,2131166868","0,8073497967","0,8539349702","3,1667812581","1,2315161136","0,6922199699","1,503551008","0,487351277","0,3680532118","0,6052998552","0,3922718048","-0,0326953222","0,93642456","-0,2834830708","0,766783023","-0,5984636955","0,0457689515","0,1978176081","0,2239276914","4,9796977402","3,9172285973","1,9379031369","10,7900480288","3,0469350465","2,4855707865","5,3636069677","8,2094500929","15,7640632796","22,6519652538","14,7598561576","12,4543185276","9,6707592974","6,1704398402",
Kazakhstan,,,,,,,,,,,,,,,,,,,,,,,"0,4014945303","5,4312380184","3,1043479836","4,7324308884","5,4051849702","5,9614005684","5,2016590668","9,4067761349","7,0113987365","12,7975370548","10,5136979907","6,7848791627","9,6339509052","3,4507894366","7,750454829","10,6043562658","10,7326052259","11,4830636696","7,1627716652",
Kenya,"0,8606456536","0,4161064017","0,2989637125","0,6898084868","0,7885631244","0,5264474924","1,334616704","1,2581320311","0,6488656685","1,3475239681","1,0869971726","0,2063983869","0,2021410991","0,3970233319","0,1736841697","0,4701835099","0,4520668588","0,4940691362","0,0047206781","0,7518368875","0,6644619382","0,230995267","0,0774036171","2,5323525889","0,1039768294","0,4674739863","0,9021617319","0,4734529646","0,1883759006","0,4028633181","0,8738642587","0,0408317471","0,2100379787","0,5484450314","0,2861805274","0,1132020696","0,2251980666","2,6766938658","0,313198871","0,3801707326","0,5770306147",
Kiribati,,,,,,,,,,,,,,"-3,060870791",,"1,0297818987","0,5166284749","0,9160478305","0,8334334589","0,6099534537","1,0549517576","0,8947189512","0,8182314214","-1,5834584252","0,7675481809","0,6729448529","0,7933200489","0,7405498756","0,6553877097","0,6397369601","1,05776297","0,7700146268","0,7030036409","0,9941382578","1,1251676192","4,3900629931","0,5185700263","0,9016991861","2,0106445693","2,4795052482","2,4271180467",
"Korea, Dem. Rep.",,,,,,,,,,,,,,,,,,,,,,,,,,,,,,,,,,,,,,,,,,
"Korea, Rep.",,,,,,,"0,2740676011","0,2478495122","0,1740824261","0,0533847642","0,0093993279","0,1427187314","0,0905295612","0,0810549184","0,1182263924","0,2416690598","0,4129173186","0,4401967023","0,5410076668","0,4850022701","0,2989267602","0,382821955","0,2207733276","0,1623976658","0,191056844","0,3434031602","0,4170046906","0,5508994716","1,5668188063","2,0955129311","1,7404720647","0,6991279023","0,4153811275","0,5476399463","1,2806810102","0,7466891043","0,3768123487","0,1700666088","0,3554533135","0,2696447268","-0,0147957114",
Kosovo,,,,,,,,,,,,,,,,,,,,,,,,,,,,,,,,,,,"1,4640270644","3,5751890978","9,444742829","12,8966752832","9,5149399434","7,4046867257","8,6615496328",
Kuwait,"0,9044282044","0,0002577059","0,0002246919","0,0055465122","0,0009225838","0,0020793805","-0,0038835684","0,0094076656","0,0049021006","0,0051719127","0,0028981591","0,0048287931","-0,0004171078","0,0001916527","-0,027787912","0,0338058841","-0,0811550949","-0,0282537611","0,0788774609","0,0150531444","0,0303889043","0,007266151","0,1777571349","0,0553523176","4,0243902607E-05","0,0246448152","1,1029503295","0,0651694456","0,2276392921","0,2399326346","0,0432149886","-0,3196153956","0,0094901828","-0,1401782248","0,0399609094","0,2894926461","0,1194409395","0,0972227249","-0,0040002994","1,0173197416",,
Kyrgyzstan,,,,,,,,,,,,,,,,,,,,,,,,"0,4930248193","2,2711386781","5,7850047383","2,584742847","4,741314847","6,6361415925","3,5556921199","-0,1723106391","0,3282859193","0,2903491259","2,3733363452","7,9338009732","1,730381762","6,4224437428","5,4678727012","7,3345379063","4,0378722902","9,4794297132",
Laos,,,,,,,,,,,,,,,,"-0,0684507057",,,"0,3339114011","0,560187369","0,6931929614","0,6711488077","0,6916077457","2,2519322385","3,8351746077","5,3925740027","8,5287094935","4,9398633616","3,5385708399","3,54834841","1,9531393861","1,3515790198","0,2432853515","0,906725954","0,6747755939","1,0197926574","5,3675070575","7,5949918501","4,1580805892","5,3934649866","3,821163575",
Latvia,,,,,,,,,,,,,,,,,,,,,,,"0,6065378642","1,0099178279","4,2374857884","3,4306266873","6,8339121127","8,4955666901","5,3937174332","4,7691408777","5,2661355372","1,5878652941","2,7225537148","2,7131031689","4,6281058125","4,4477440309","8,3481119975","8,0498685696","4,031557739","0,3613417469","1,5368800956",
Lebanon,,,,,,,,,,,,,,,,,,,,,,,,,,,,,,,,,"6,9755291459","14,2410590326","8,7143779035","12,0010019366","11,9194127774","13,4733566105","14,4052619839","13,7541662912","10,9723025563",
Lesotho,,,,,,,,"0,2277215955","0,0075064711","0,068931642","1,0415790232","1,1029547449","0,7563152186","1,1487050922","0,6324167004",0,"0,637737443","1,5576054962","4,9642919867","2,9800366311","3,1584729746","1,2466587301","0,3766379407","2,1218923367","2,5379202644","33,8142499532","36,1137909721","32,0109922464","33,0946317155","20,8564177714","4,3385788897","4,3196428156","4,4393838758","4,6337321797","4,5052198765","5,0528027962","4,0946481066","6,5418538824","6,7650705688","5,8982121984","5,3707585833",
Liberia,"16,385852424","-9,2515554818","5,1842139766","17,7931936004","10,9400096052","29,1070583711","12,7861640994","22,8689925431","17,9563922443","4,5207300385","7,5420394453","30,7976409976","3,6324595874","5,3892890763","3,8753029664","-1,7326676367","-1,7810193019","3,9576469303","27,9447164652","83,4338004961","58,5952133195","2,4166666667","-4,8545861298","-33,4289276808","13,1467473525","3,412462908","-82,8920953576","72,2608989523","52,9226900441","58,0036192153","3,708325824","1,5285450306","0,5006257611","90,7411011146","16,3808113651","15,6171463561","17,6276809842","17,9115118776","46,8288034913","24,7654553257","45,9207191095",
Libya,,,,,,,,,,,,,,,,,,,,,"0,5497722355","0,287264621","0,2924218102","0,1896698165","-0,2538375112","-0,346442002","-0,4006570262","-0,2212169918","-0,4693096254","-0,4201147863","0,4159709127","-0,4679749942","0,7307539683","0,5942857143","1,0693548387","2,3590909091","3,6541078838","6,5303424658","4,4127953333","2,1985089514",,
Liechtenstein,,,,,,,,,,,,,,,,,,,,,,,,,,,,,,,,,,,,,,,,,,
Lithuania,,,,,,,,,,,,,,,,,,,,,,,,"0,4064218333","0,4498702528","0,9178805378","1,808558612","3,4999802541","8,2239282747","4,4338790717","3,3135243393","3,6665576959","5,0300357301","0,962879901","3,4283862126","3,9743050558","6,1159081112","5,1581373917","4,2178484574","0,0436178837","2,0614956261",
Luxembourg,"21,7238635902","28,4214783975","20,4711281441","27,7846533603","36,019100228","30,8247134265","25,6818683958","33,9328904285","30,6889697312","20,6587246875","25,8809428919","27,6690119535","32,2611880382","28,7502165536","8,8476617517","23,1686154782","11,0102057063","28,5431378758","55,8178458302","70,536948362","63,5075803119","68,2552261057","73,3454009368","68,0786202419","48,5054761495","51,6952142578","68,3314336629","64,7968262011","117,2402001769","564,9162675309","437,7926056562","436,6729851732","524,8799719422","307,9186228689","234,9506163784","305,7717257987","305,2227413849","377,6212191217","176,7643172841","398,7452025532","389,7557204171",
"Macao, China",,,,,,,,,,,,,"0,025448911","0,8017032014",,"-0,03109471","0,0036335222","-0,0050371222","0,0167694974","-0,024205184","0,0160525426","0,3093842977","-0,4256539802","-0,0681790015","0,0592991858","0,0333807256","0,0896126874","0,0346090598","-0,2891791854","0,1592034548","-0,01294701","2,4662805117","5,9388433055","6,5433410596","7,5099809384","15,0360543105","18,1978565651","27,9425625265","14,8031854546","8,4331154619","12,6247253421",
"Macedonia, FYR",,,,,,,,,,,,,,,,,,,,,,,,,"0,7097924184","0,213288358","0,2534960377","0,4213837868","4,2139530974","2,4067307662","5,9956386607","13,0095050929","2,784648834","2,4759067686","5,8580401733","1,62049074","6,4652425435","8,567494877","5,968592929","2,1161544884","2,2576210965",
Madagascar,"0,8994160645","0,0900390958","0,8961039192","0,6654456628","0,7149968101","0,2002966884","0,0632986551","-0,1173373916","-0,1377753432","-0,1900223544","-0,0195445674","-0,0222544131","-0,0025523828","0,1056529712","0,2915539466","-0,0062984909","0,4309108451","0,1352518304","0,119142825","0,513059307","0,7265313062","0,5156734355","0,6987320582","0,4555938084","0,1924112044","0,3072980643","0,2543722069","0,3949988053","0,4449617119","1,5705876344","2,1392900695","2,0545283156","0,3334403979","0,2351886487","1,2124825161","1,6957983038","5,3399977426","10,5315166783","12,4469664724","12,559641936","9,8661891011",
Malawi,"2,9601973524","2,6273201577","2,4871753749","1,7330500025","4,1376467748","3,6056788078","1,4470910149","0,6868146617","0,9616584088","-0,1156740976","0,7660969841","0,090244655","0,5084345106","0,2087676815","2,2590571851","0,0462749632","-0,2475343995","0,0076537358","1,2638375024","0,584201761","1,238844161","-1,3024508347","-0,3945481128","0,3863527983","2,1147903281","0,4038079031","0,6925657624","0,5582715109","0,6914390048","3,2956524087","1,4912474406","1,1243786729","0,2213751158","3,4294057977","4,9408533941","1,3842981569","2,9694389964","1,5234221331","4,3150637722","1,6037276435","2,7700006131",
Malaysia,"2,1979742093","2,2151658287","2,1251378254","2,1102511095","5,6511925771","3,5437661561","3,2437760964","2,9043128811","3,0014487125","2,6546166881","3,7450466645","4,9667612713","5,1203418202","4,108286906","2,3071235931","2,1865388578","1,7309504225","1,3134165287","2,0396361341","4,2932641882","5,2981233966","8,1378690245","8,7628827411","7,4828969235","5,8294217818","4,7035055511","5,0355231249","5,1278563023","2,997426414","4,9214665319","4,0384286239","0,5970293183","3,1765623818","2,2441966812","3,7067976239","2,8749028614","3,8799902615","4,599160151","3,3113801218","0,7191861243","3,8550550256",
Maldives,,,,,,,,,,,"-0,3061447286","-0,0669920142","-6,0080302589","0,4150110375","-0,1278497409","0,9515950377","3,8054405677","3,610134357","0,7116995407","2,3214660908","2,6035733411","2,6588315109","2,3169816334","2,1406855946","2,4566591333","1,8122583776","2,0682987257","2,2448550847","2,1325760772","2,0912115745","3,5737818988","2,6054414228","3,0349062094","3,4088170115","4,9994936847","5,4097585741","4,9775075703","5,9984220446","7,5314330408","6,4486592809","8,5836330641",
Mali,,"-0,1395034992","0,6999662341","0,1064421081","-0,027842287","0,3145488648","0,2740281887","0,2907825133","-0,0724871284","0,1917980824","0,1324050922","0,2463817984","0,1146298253","0,2432718391","0,7678853678","0,2202670733","-0,4989534682","-0,3100759129","0,361975711","0,316938601","0,2366498012","0,049743804","-0,7684776969","0,1516536349","0,9880763895","4,5183654646","1,7102470615","2,5447008291","0,3415125562","0,0847334961","3,4031198339","4,629049216","7,2933935375","3,0318056003","2,0721888486","3,546221758","0,8118478773","0,7522970211","1,5069415982","8,014311153","1,5959025566",
Malta,,"4,3634950803","1,5096905363","1,4906397158","2,8281245181","3,3401741515","2,6732620159","2,9525196758","2,713583497","1,6159058799","2,1303590237","3,1401660061","1,6903196597","2,1026779679","2,3820266366","1,6971124935","1,5249330481","1,1073333014","2,0204551094","2,4379161558","1,7977406703","2,7991430054","1,3085090422","2,0833328086","5,0589569146","3,6140616067","7,9846318229","2,264176704","7,4326875179","21,9400141565","15,4387036089","6,2354306709","-10,156428189","20,1636101223","7,0482354026","11,3874579857","28,8342400716","13,2175785263","9,6031254392","10,8122664698","12,0392610188",
Marshall Islands,,,,,,,,,,,,,,,,,,,,,"1,2742749376","1,2120183742",,"1,0054192095","-4,6265880764","-4,158695833","-4,5102744051","-15,5801474897","-2,7414381852","90,2683732303","112,8405716984","-0,7815746877","-37,615723696","3,6883040869","3,1272318343","4,725319958","4,3250171967","8,1475090515","3,6050027781","5,2564170967","5,3122474678",
Mauritania,"0,382138369","1,7793354841","0,7961981853","2,9514711457","0,8727679149","-25,7823618432","0,2964842261","0,7628015573","0,5252267851","9,8179852429","3,8212269916","1,663666602","1,9954696492","0,1735629982","1,172893462","1,0215707003","0,5593234597","0,1844798141","0,2012406723","0,3533005461","0,6606723648","0,1572216913","0,5155314153","1,2874116973","0,1580406592","0,4938454798","-0,0301913541","-0,2375211245","0,0096459633","1,0756109067","3,0994389788","5,920325712","5,089002949","6,5187840619","21,358695764","37,2680500674","3,4695746611","4,1200461283","9,4385820664","-1,2652707478","0,3771549964",
Mauritius,,,,,,,"0,4445609063","0,2744808242","0,429642755","0,1433767111","0,1030510276","0,0585257967","0,1613689737","0,1482450221","0,4715565268","0,7370647544","0,5054905736","0,9085766288","1,1075042401","1,6340559319","1,546653144","0,6082710092","0,4563578352","0,4514521728","0,5617664174","0,4626554059","0,829075695","1,3201072228","0,2918788578","1,1501099836","5,7967839033","-0,6100582613","0,6727727408","1,116443713","0,2175917331","0,6648369035","1,6406399487","4,3732190346","3,9178740382","2,9084813381","4,4328726397",
Mayotte,,,,,,,,,,,,,,,,,,,,,,,,,,,,,,,,,,,,,,,,,,
Mexico,"0,8781428555","0,7831456962","0,39484822","0,8268305137","0,7068358375","0,5208980162","0,8216342667","0,3997542067","0,642000947","0,9900377651","1,0753417033","1,230791243","1,0942843218","1,4724561499","0,8779713075","1,0754955758","1,5729272175","0,8441244742","1,0980414134","1,249007508","0,9702721938","1,5080112112","1,2081650214","1,0885537921","2,6018136756","3,3227583157","2,7591926059","3,1956251529","3,0285651075","2,884549557","3,1147539655","4,7997076788","3,6854653391","2,6470993503","3,2664743926","2,8595176077","2,0953196674","2,9455925248","2,4271679156","1,7939703579","1,9106691491",
"Micronesia, Fed. Sts.",,,,,,,,,,,,,,,,,,,,,,,,,,,"-32,2852099939",0,"-0,0999610366","-0,4025396119",,"-0,0956869067",,,,"0,0159969576","0,2318115795","6,4827735739","2,1914982178","2,7465235516","3,3784538079",
Moldova,,,,,,,,,,,,,,,,,,,,,,,"0,7329976643","0,5902657777","0,6795454659","1,4780416009","1,4004821591","4,0796417249","4,6050703649","3,2362900493","9,898944283","3,6835002474","5,0577133887","3,7230522572","3,3749879908","6,381827181","7,583202971","12,2943895844","11,7503349926","2,6717825054","3,3196206906",
Monaco,,,,,,,,,,,,,,,,,,,,,,,,,,,,,,,,,,,,,,,,,,
Mongolia,,,,,,,,,,,,,,,,,"0,0048339556",,,,,"0,467419687","0,1517897688","1,0020800764","0,7452876036","0,6748544171","1,1815241413","2,1169680437","1,6808363272","2,8749529517","4,7233865139","3,3911727471","5,5704184221","8,2429776494","4,6634983284","7,3156428071","10,1292201673","8,8019767484","15,0215613074","13,6045319291","23,461357899",
Montenegro,,,,,,,,,,,,,,,,,,,,,,,,,,,,,,,,,,,,,,"25,4695766275","21,2495593227","36,8779870231","18,4974149738",
Morocco,"0,5055192048","0,5302258988","0,2562021846","0,0879500741","-0,2657838998","0,0558719892","0,3966368988","0,0723450767","0,088842773","0,0467413663","0,4750923226","0,3833781588","0,5156190204","0,3308351738","0,368506551","0,1552118876","0,0032315188","0,3178008818","0,3813863696","0,7311882738","0,6394978202","1,1404503376","1,4849246778","1,8337557533","1,815161107","0,2800754742","0,2085558539","0,0106802079","0,0296577652","0,0066740419","0,5962617189","0,3812842332","0,1958648538","4,6418302277","1,3820566254","2,7211819131","3,6046684209","3,7309311447","2,7747592368","2,1673727213","1,3662603045",
Mozambique,,,,,,,,,,,"0,123642776","0,0104753678","0,0533880359","0,0762863748","-0,0865761775","0,0074020889","0,0286072317","0,263396446","0,2149621174","0,1469251282","0,3734920053","0,8347320273","1,2849805155","1,5781812358","1,6182939775","2,0028561717","2,2808433158","1,7164944335","5,0161110287","8,5813400531","3,2762594429","6,2677947592","8,2732215135","7,2157106114","4,2945637394","1,6394780991","2,1663685372","5,3229141347","5,9812359886","9,1183399069","8,230790694",
Myanmar,,,,,,,,,,,,,,,,,,,,,,,,,,,,,,,,,,,,,,,,,,
Namibia,,,,,,,,,,,,,,,,,"0,5892627507","-0,0087871313","-0,0709431639","-0,0221245413","1,2580168546","4,8328974135","4,1665634535","1,9415182007","3,0129035017","4,368015111","3,6859634838","2,502537343","2,8314438446","0,0470352271","3,0411317525","1,018859637",,"0,674005619","1,3352436143","2,2875733863","-0,3870471507","1,9297303365","4,5609169717","5,3385703645","6,5393172609",
Nepal,,,"0,0029294048","-0,0010286969","0,020526234",,"-0,0027533241",,"0,0255585079","0,0162052667","0,0154168993","-0,0101072986","-0,0012523873","-0,0245180684","0,0368043613","0,0248099749","0,0410413857","0,0470030949","0,0195009495","0,0119141228","0,1637464639","0,0566113359",,,,,"0,42374943","0,468752021","0,247611787","0,0864185349","-0,0088242582","0,3470915181","-0,0983748687","0,2334434976","-0,0057375608","0,0301562929","-0,0732574132","0,0558661093","0,007915017","0,2960040843","0,5585619433",
Netherlands,"1,7894143127","1,8232680158","1,4890067568","1,6716214197","1,3933271782","1,3219017604","0,5713082527","0,5094232367","0,7446125212","1,0305648578","1,2603715304","1,1832926501","0,8361675623","0,9554114654","1,2879580266","1,1292171152","1,6817564131","1,3344505138","1,9708062197","3,576832626","3,6204461174","1,8538119251","1,8400519478","1,9482126803","2,0292465495","2,9133809703","3,9725238087","2,8544365188","9,3428678753","10,0053744418","16,3913168025","12,9736901857","5,8146932288","3,7971895585","0,7179392779","7,4127736387","1,0408850349","15,9419167979","1,1492851152","4,6302543372","-2,0012602358",
New Caledonia,,,"0,0019767045","1,764722593",,"0,0502052374","0,0004175485","0,3812403833","0,3774591791","0,3176649004","0,1691393225","0,1236137115","0,2354580787","0,01456606","0,3567754133","0,0128681486","0,0116544051","0,0773288271","0,0414910576","0,379392394","1,2394684208","0,124350851","-0,0068404952","0,6514315351","0,0013163404","0,0195676364","-0,0238427371","0,303813789","0,0006331505","0,1458946685","-1,5145719021",,,,,,,,,,,
New Zealand,"2,2682593829","1,4028823955","1,3372427624","1,6393557379","1,8257984991","1,0879927612","2,0662310189","1,0132638667","1,4988594867","1,7172831828","0,7793558719","1,1451397131","1,3831743023","0,7339522933","5,9423847493","5,2303472468","4,0484370172","3,25072565","3,8840075358","3,7842513697","3,8987605361","3,0841493396","4,7469859607","5,2281243775","4,6000090339","5,2813571398","3,3942531945","3,7991339932","2,3243275655","1,98569818","7,4429566636","-0,5656221324","2,2623450639","2,6132092381","2,2898676225","1,4092102925","4,1266192566","2,3068761526","4,150865182","-0,567679613",,
Nicaragua,"1,926609191","1,6051752714","1,138213174","1,2077957564","0,9070592806","0,6891755365","0,7022701294","0,4490346011","0,3289937524","0,1786169962","0,584495327","-0,001212268","0,4060569235","0,003632269","0,2387876812","-0,0003726199","0,0020791462","0,0625778959","-0,0034208825","0,2763521552","0,0663724155","2,8210561303","0,8366800535","2,2089957259","1,5684651658","2,785836458","3,6138771168","6,0116292688","6,1077761113","9,0129214576","6,7702694587","3,661042112","5,0640664999","4,907228341","5,5968890713","4,9477266866","5,4833937503","6,7413700357","9,8254220305","6,987810378","7,7543253171",
Niger,"0,4204940074","-0,769085568","0,1213858931","0,1056646694","0,6732884085","2,1508444109","0,9289707587","0,9950016875","2,4041107979","2,2182334698","1,9581081092","-0,2815716324","1,3984863936","0,0673844767","0,0989816098","-0,6512641696","0,9241710346","0,6635340483","0,3028550485","0,0349488007","1,6452425206","0,6510917379","2,404700994","-2,1381601365","-0,7202381778","0,3821912397","0,4967282393","0,9845724408","-0,0492989338","0,0136810102","0,4691527205","1,1769308682","0,1107879423","0,5459524611","0,8623511753","1,2914644908","1,3866209056","3,007539175","6,3395273895","15,5026078335","17,0644143772",
Nigeria,"1,6340065837","3,1148678605","2,4848432671","2,4599562506","1,0343450316","1,6923615191","0,9336558155","1,222448337","0,5774585718","0,6550982785","-1,150855804","0,9051077099","0,8653170206","1,0427175883","0,6712126139","1,7093160451","0,955998865","2,6045961013","1,6573512941","7,9025690501","2,0647416572","2,6081506115","2,7411530613","6,3006778793","8,2795402704","3,8396180246","4,5141574848","4,2491651414","3,2706948845","2,8896812668","2,4794522157","2,4805005727","3,170063275","2,9641048433","2,1333307723","4,4388492847","3,3380168618","3,6372619057","3,9574596725","5,0750226768","2,9866047386",
Northern Mariana Islands,,,,,,,,,,,,,,,,,,,,,,,,,,,,,,,,,,,,,,,,,,
Norway,"0,5027500577","0,6493392597","0,7026824861","0,9354615391","1,2874024072","0,6745612008","1,0439454547","1,8707091145","1,0644593911","0,763793635","0,0938814913","1,0686550534","0,7146482368","0,5401890211","-0,2953480961","-0,6636882802","1,3177842738","0,2020217207","0,2791769257","1,5077186751","0,8528280977","-0,3322869806","-0,520748343","0,8390776407","2,1975671255","1,6067482379","1,9849280933","2,456058926","2,8806950732","4,2603863316","4,1367602286","1,2308821647","0,3422936844","1,5785102651","0,9783430746","1,7594409188","2,122668225","1,660380392","1,6550251902","4,0026862305","2,8138805199",
Oman,"1,1782157148","-0,0896965493","0,4660879463","0,307755797","-3,7115218275","5,0676618594","3,1776545876","1,7532739831","3,1484413677","3,1485071552","1,6456125635","0,8614844488","2,4105158142","1,9489763454","1,7919827003","1,6117364898","1,9158598016","0,4461610234","1,0947433622","1,1988011891","1,217476453","1,1924417439","0,8375279279","1,1366475119","0,5918708377","0,335399751","0,396654917","0,4072624973","0,7241554643","0,255249022","0,4127264596","0,0260739193","0,5448177411","0,1159000353","0,4500895927","4,9776991941","4,3367959512","7,9523306416","4,8737546842","3,2203107399",,
Pakistan,"0,2293786436","0,009432131","0,1826168227","-0,063242265","0,0455942776","0,2204585405","0,0616301616","0,1006422279","0,1811055501","0,2955864943","0,2686104046","0,3846349299","0,2077496235","0,1026667319","0,1781923519","0,421864139","0,3314526813","0,3879212072","0,4847368608","0,5242583117","0,6129976371","0,5685441948","0,6918436948","0,6770942094","0,8113041647","1,19175194","1,4560544946","1,1472285802","0,8136100455","0,8447950247","0,4164842578","0,5296658593","1,1382052142","0,6414815015","1,1410752086","2,0082116788","3,351372549","3,904417004","3,3180449435","1,4448238755","1,1432153106",
Palau,,,,,,,,,,,,,,,,,,,,,"1,3005930704","1,1925347326","1,2128415665",,,"-0,2205025358","-3,4934336386","71,7408778144","-1,3041254688","5,4192183989","12,4392014216","8,6317545886","1,0380478004","1,2711035786","5,2785265049","0,5982341777","0,7534447751","1,8930056181","1,0336888603","1,216412177","1,3624191556",
Panama,,,,,,,,"0,5246943138","-0,1015022305","1,7665212921","5,7344566102","7,0303985972","7,6940835806","1,6230912341","-2,6535847885","1,245834876","0,3616153339","-9,8699962755","-12,208431634","1,0537084399","2,5502522021","1,8571453024","2,1757460776","2,3384394777","5,1914299383","2,8206068732","4,4571502129","12,8847679492","11,0048021953","6,5954976738","5,3689600275","3,9559601948","0,8034288322","6,320941453","7,1872377339","5,9335130976","14,9215148509","8,9749419016","9,4729123533","5,0961110437","8,8055749682",
Papua New Guinea,"20,0840491486","6,6168220809","9,9999761261","8,613620558","4,9538414766","-0,1643826061","1,3777848868","1,2068922198","1,9973312458","1,9272029556","2,9663839812","3,4498392724","3,6261372933","5,4192132992","4,5322717116","3,4393821924","3,4291342633","2,9638474486","4,1984310768","5,735035057","4,826910353","3,0818070009","2,3823681984","1,2453265445","1,0349633937","9,804955423","2,1587494453","0,5788444864","2,8929436015","8,5271083223","2,7242732044","2,0298579949","0,6093866166","3,3272482124","0,7767506547","0,7833223188","0,2296400112","1,6160018891","-0,3805127962","5,3476496307","0,3052867861",
Paraguay,"0,799179975","1,068357663","0,4526424502","0,9241292314","1,7740099072","1,6143752236","1,2949095717","1,0372061718","0,9609910958","1,4692204717","0,6923233235","0,551778877","0,6752034904","0,0874465248","0,1183849629","0,0221315887","0,0169287822","0,141979469","0,2125864685","0,293363438","1,4607009144","1,377866174","1,8229741887","1,0909420683","1,9753082366","1,2794744677","1,708520307","2,6577711658","4,3195733555","1,2959339239","1,4721550695","1,3062840686","0,1981946211","0,4935475253","0,5421625694","0,7158884766","1,8684213047","1,6878907072","1,6517361183","1,4094495819","1,8793057904",
Peru,"-0,19294715","-0,0399020203","0,6742094465","0,8935009723","0,4623245742","0,494138369","0,4632226411","0,3801560513","0,2055567232","0,4568078294","0,1301956027","0,500663884","0,1934123848","0,1986422643","-0,4484640544","0,0053083063","0,1223751881","0,1338617119","0,2100906434","0,2867328171","0,1559269067","-0,0202637281","-0,21893355","2,1834253204","7,3239519559","4,7639031945","6,2122247728","3,6122188343","2,89674091","3,7663115101","1,5194048218","2,1215237889","3,797336625","2,1761668114","2,2933498178","3,2483680545","3,7555666093","5,1205748024","5,4593137686","4,3932067673","4,6660950158",
Philippines,"-0,0155520445","0,2914300348","0,0511386559","0,5881238329","0,948684377","0,7654104688","0,8977837453","1,0688088941","0,4448107913","0,0254523661","-0,3266523806","0,4825138911","0,0430800466","0,3161495436","0,0286546831","0,0390443677","0,4251990515","0,9248109323","2,4706031742","1,3223655314","1,1960751971","1,1977760477","0,4303806197","2,2770670488","2,4826579401","1,9940672263","1,831059821","1,4840115171","3,1672819647","1,5024975147","2,7645346598","0,2556974686","1,8953347993","0,5851632695","0,7529721858","1,7988478221","2,390134039","1,9523309867","0,8893879428","1,1661371795","0,858261808",
Poland,,,,,,,,,,,,,,,,"0,0211253447","0,021653671","0,0187859855","0,0217947463","0,0133801335","0,1378784768","0,3478773014","0,7346007716","1,8251630187","1,7296221066","2,6312049095","2,8707443968","3,123054551","3,6812859668","4,3324935555","5,4549344567","3,0007215059","2,0844747112","2,1166887409","5,0306802143","3,3920975773","5,8173100598","5,5607346161","2,829237278","3,0244879058","1,9393314219",
Portugal,"0,3616416745","0,6168178172","0,6582990391","0,6380439636","0,6134695955","0,6042653833","0,3140284513","0,2737831014","0,2847707297","0,298100529","0,483555073","0,5530356653","0,4781893038","0,5463477738","0,7966603018","1,0242779094","0,6229591733","0,979948046","1,6576562771","2,9051926456","3,3606214599","2,7809687986","1,7647748776","1,6362735645","1,2909015556","0,5873825035","1,1117462037","2,0375072196","2,4453336864","0,92355424","5,6962003729","5,1306376625","1,3265393044","4,4801956347","0,8957272757","2,1155908275","5,4356503087","1,2815688287","1,8581723341","1,1542903875","0,6458705395",
Puerto Rico,,,,,,,,,,,,,,,,,,,,,,,,,,,,,,,,,,,,,,,,,,
Qatar,"1,8854088165","7,0518428924","0,0019597855","0,1662710669","0,5401008958","0,3629440507","0,006089575","0,0558384324","0,2198913871","0,081129055","0,1384579024","0,0436425932","0,0488369757","0,0146886422","-0,2228388783","0,1295240736","-0,0290915031","-0,0545311479","-0,3416588531","-0,0231199194","0,0663003914","0,6179981021","0,5176458806","1,0067639099","1,7879298102","1,1496806908","3,7405594185","3,7027556983","3,3864772875","0,9138126219","1,4166754732","1,6849825047","3,2221055352","2,6554158336","3,78519222","5,8085355229","5,7854393878","5,8203741986","3,413012235","8,2641370514",,
Romania,,,,,,,,,,,,,,,,,,,,,"2,611026996E-05","0,1386632781","0,3068914612","0,3565851922","1,133921675","1,1810450239","0,7443323683","3,4433028394","4,8224532203","2,9247868652","2,7987212271","2,8794885907","2,4964795125","3,0987771003","8,5349685586","6,5533694053","9,2900275889","5,8629808013","6,9390344651","3,0078768312","1,8196592944",
Russia,,,,,,,,,,,,,,,,,,,,,,,"0,2522786484","0,2783523322","0,1746452745","0,5220862869","0,6583760935","1,2013644114","1,0190914322","1,6892968693","1,0451063554","0,8963671335","1,0029055664","1,8492300277","2,6131869103","1,6866220289","3,0003546543","4,2373588923","4,5159152923","2,9868971568","2,9252016168",
Rwanda,"0,0272851288","0,7627669658","0,202876665","0,6889016487","0,712161719","0,5277998565","0,8414472633","0,6214704985","0,5568099053","1,299552444","1,5223538896","1,4539172477","1,4641769561","0,7243001796","0,9484464247","0,8521992982","0,9051735588","0,8176677063","0,8785793676","0,6434593033","0,2926191487","0,2394380158","0,107339963","0,2968262712","0,00013269","0,1710313943","0,1604706078","0,1403445889","0,3563584369","0,089360492","0,4795053529","0,2767169682","0,159087846","0,2521803366","0,3667014498","0,3110993987","0,3610521033","1,7947599977","2,1931936997","2,2552750309","0,7522121895",
Saint Kitts and Nevis,,,,,,,,,,,"2,0833333701","1,5913556273","3,671199076","22,6256987236","8,5668959736","10,2564104375","9,7757672852","15,3885658315","10,3684212357","28,4798350428","30,6438903636","13,0324900766","6,8913957358","6,9371698236","6,9216633568","8,8715892418","14,3242838126","7,1505241455","11,1114578885","18,9296343109","25,2650278224","21,4231571316","18,3905142161","17,431499163","11,7998498904","18,1945728803","18,7313867307","20,7701661657","25,3391660538","19,4298771004","18,4698892937",
Saint Lucia,,,,,,,,,,"25,1342646759","23,1608465586","25,0912280011","18,4554680844","6,4723368676","6,0886234022","8,9867840182","6,4304463078","6,1884971449","6,0021086954","8,5485329897","11,2754336681","13,3831776694","8,565075358","6,9432736382","6,2836779334","5,8400864069","3,2513733245","7,9128141143","12,6832764666","12,007359406","7,4540546605","8,6084872055","7,4672465545","14,0587040397","9,203186709","8,8797650189","23,7561004684","25,585800318","14,2893623797","13,2435867534","9,1825419449",
Saint Martin,,,,,,,,,,,,,,,,,,,,,,,,,,,,,,,,,,,,,,,,,,
Saint Vincent and the Grenadines,,,,,,,,,"-1,0729613923","1,1006930484","1,8239882408","0,6684492097","1,7554505966","2,2329868069","1,3526571062","1,5945928492","5,7592687387","3,4869501664","5,5361763359","5,9745144151","3,8680021611","4,1866385049","5,9608331533","13,1505070036","19,2862253005","11,4982623741","15,1480077465","31,5522759556","27,9853206889","17,114191633","9,496723792","4,8815533329","7,359531622","11,4354864245","12,5704397021","7,2696797773","17,8568214685","19,0560770027","22,6688033729","15,1701468957","14,1525578834",
Samoa,,,,,,,,,,,,,"0,1484815625","-0,1003322515","0,0102776493","0,5049508922","-0,2223530555","0,5525390928","0,1012499998","0,1430813197","5,8897603793","2,8505498031","4,2414862059","4,2153645407","1,5228395902","1,7169318191","0,5209498254","7,858898462","1,2494075057","0,8672220793","-0,6269911474","0,4931449083","-0,0272715549","0,1689267783","0,6145364369","-0,7236928143","4,5613970858","1,2867050622","8,076516271","1,8782631311","0,1278367578",
San Marino,,,,,,,,,,,,,,,,,,,,,,,,,,,,,,,,,,,,,,,,,,
Sao Tome and Principe,,,,,,,,,,,,,,,,,,,,,,,,,,,,,,,,"3,9235966087","3,9685359242","3,4696058086","3,2791793732","13,7634796046","30,6121820028","25,1074519311","46,3086204393","8,1595348775","12,5222420395",
Saudi Arabia,"0,1467759859","-1,6394948793","0,3659311259","-4,3340309511","-8,2958714375","4,0080508444","-0,6212585955","1,0576479285","0,6941819072","-1,13723191","-1,9428813319","3,532759371","7,2778601218","3,8366591564","4,065500594","0,4729864723","1,1107572807","-1,3691831386","-0,3716458091","-0,6852346956","1,5939059998","0,121825016","-0,0579097111","1,0345709105","0,2600616863","-1,3159463569","-0,7147485213","1,8421695764","2,9384540042","-0,4839385863","-0,9982212116","0,010731521","-0,3257117139","-0,2733369125","-0,133546946","3,8363482574","5,1362665387","6,3222650833","8,2835616108","9,7829999256","4,9601686628",
Senegal,"0,4901912271","0,9321358124","1,189326599","0,3329011971","0,6187963411","1,0080227822","1,5821481568","1,2049050296","-0,1932601958","0,2768107443","0,4134182663","1,0819785784","0,9023143255","-1,2505415868","1,0751205798","-0,5335074493","-0,2012407777","-0,0785530446","0,2997016457","0,545524099","0,9952017494","-0,1344150686","0,3560969676","-0,0143030705","1,7248458326","0,6491637106","0,1721823459","3,7672881687","1,3961287445","2,9752069628","1,3414278124","0,6548793615","1,4633476289","0,7654596251","0,9592619727","0,5132403084","2,3514380523","2,6275075969","2,9704346142","2,592826486","1,845112216",
Serbia,,,,,,,,,,,,,,,,,,,,,,,,,,,,"3,4610246293","0,6973517402","0,6351832813","0,853012962","1,5581799656","3,756487509","7,1912852173","4,3470043283","8,1268671512","17,0015782332","8,8106168474","6,2737621227","4,8212021215","3,4880865923",
Seychelles,"11,9357519531","8,2297620747","4,405266198","15,8281450199","4,0107096341","9,5809593891","12,8555740942","10,9533420806","7,3962045893","5,8962939708","6,4601969399","6,5435557686","6,7776935854","6,218243995","6,4588620756","6,8960818763","6,8302960506","7,7845993423","8,174825433","7,2733208771","5,4912469125","5,2218493259","2,078600162","3,9745861383","6,31129278","9,0281794893","5,7275417967","9,4854396381","8,746446756","8,8633781794","3,9563827328","10,4040180112","6,8410752252","8,2790338677","5,4322452272","9,7168857231","15,0665748062","12,405221062","14,0559947225","15,0336817565","17,8630839869",
Sierra Leone,"1,8876160964","1,2394250024","0,8165350872","1,084783004","1,6188948129","1,4867460642","1,4288220147","0,7312882614","2,5250411672","1,4497961876","-1,6962391474","0,673271263","0,3614831964","0,170566589","0,5385601823","-3,6127139187","-28,624255729","5,6194361117","-2,18830517","2,3962537418","4,9926817757","0,9621169807","-0,8233485488","-0,9707014122","-0,3151824273","0,836853885","0,0704991537","0,2117108767","0,0155990199","0,0796545771","6,1333925407","1,220824739","1,112753308","0,869229406","5,5795283661","6,7115145348","4,1327447428","5,8049607689","2,9477648783","4,0020506415","4,5453834558",
Singapore,"4,8450213334","5,1270052693","5,9217854802","9,5516953165","6,5210189272","5,1823299763","3,6495874779","4,4102543085","3,9976033826","9,0109301907","10,4185481016","11,7460389683","10,0009851839","6,403112984","6,6316771515","5,4965109651","9,2251882839","13,6062685464","14,4446296957","9,4844726348","15,4455011164","11,3478542844","4,4946885666","7,8126063111","12,350271783","14,2782665233","10,2252398473","13,1527181002","7,6326355018","19,2848524131","17,1851558331","16,5518054631","7,0675368134","12,7902429553","19,2305753682","12,5172352954","21,154683591","22,0176225561","4,8304712414","8,1062227675","18,507947908",
Slovak Republic,,,,,,,,,,,,,,,,,,,,,,,,"1,2315019647","1,3695725947","0,935046899","1,2858111547","0,6425728303","1,9199609889","1,183075586","7,1455154733",,"11,8487277371","1,220106722","5,4168795878","3,9315053063","6,0388994457","3,9988214173","3,2953923769","-0,036111052","0,6338432043",
Slovenia,,,,,,,,,,,,,,,,,,,,,,,"0,886401904","0,8885003695","0,8126235048","0,7182129361","0,8193889002","1,6380808053","0,9918442758","0,4778194031","0,6796977849","2,4557382953","7,1726950398","1,0342318011","2,457019171","1,5129739296","1,6672998241","3,2371132997","3,5468676106","-1,3061832907","0,7805905225",
Solomon Islands,,"-0,3396136364","-0,0246264706","1,2664615385","-0,0591440678","10,526775133","5,882472752","4,7618167561","4,123908009","2,2901706881","1,4285245392","0,1227041401","0,5464456219","0,2415546609","0,7763882878","0,2907042183","1,4713896459","4,3933237147","0,5409539396","3,4907502225","3,4510031368","4,5303812424","3,7417726084","5,6873975855","0,4510745473","0,3900949796","1,0518082797","5,9642137794","1,8686455313","2,0531327681","2,9943094571","-2,3256226332","-0,1304768436","-0,5413354955","1,6037377119","4,4890126804","7,4612474366","10,9907967809","14,6978123261","19,9130626134","35,056123027",
Somalia,"1,4233845009","0,5134329198","1,0792895342","0,1183365574","0,149707826","1,6585772506","0,2725214856","1,5613162166","0,0534219972","0,00169371","-0,0049702394","0,0157342402","-0,0984951694","-1,1219873266","-1,8953450612","-0,0809091573","0,32891953","6,371604515","-4,1789813211","-3,7678746777","0,6095670929",,,,,,,,,,,,,,,,,,,,,
South Africa,"1,8684999711","1,3157889036","0,5542779082","0,0962512776","1,9483460882","0,5087287528","0,0518672312","-0,3093897505","-0,2410189248","-0,8662416574","-0,0127617056","0,074858909","0,4116796282","0,0824293073","0,4925373331","-0,6749203636","-0,0635044553","-0,1842569372","0,1382148505","-0,1610848988","-0,0676008915","0,2113811014","0,002572937","0,008657999","0,2757520537","0,8261527447","0,5679940856","2,5606058958","0,4097965787","1,1287671076","0,7291153703","6,1364007769","1,3319474021","0,4655447273","0,320148161","2,6399744722","-0,0703538213","2,004735138","3,5036616208","1,8934057069","0,3364235667",
Spain,"0,5577624638","0,4462625792","0,4667831183","0,5107750579","0,379046243","0,6125473658","0,4150932119","0,4725280398","0,7555516702","0,6703625844","0,6604753359","0,8667529456","0,9367672856","0,9774371169","1,0603268141","1,1209988948","1,4140717565","1,4768669754","1,9222290836","2,092937545","2,6841586024","2,2292782969","2,1671680989","1,899003962","1,788960501","1,3549267937","1,5460749333","1,5607117564","2,3770547956","2,9978961649","6,6879521364","4,6237504368","5,8278172069","2,8977978023","2,3739899976","2,1742411258","2,5245033921","4,6244563888","4,8872185475","0,5842346343","1,7520449161",
Sri Lanka,"-0,0130635246","0,0126619217","0,0117465731","0,0173875245","0,0391653696","0,0037641733","2,7844916068E-05","-0,0296884972","0,0539441344","1,3942692353","1,068684421","1,1156316365","1,3329993952","0,7310280822","0,5396297975","0,4376056026","0,4640459445","0,8904925728","0,6552034105","0,2825326572","0,5397428387","0,5371913997","1,2637915704","1,8810822764","1,4201959474","0,429753548","0,8625457356","2,8495767474","1,2245923118","1,126764931","1,0589885414","1,0909916913","1,1489465092","1,2113274088","1,1266773514","1,116128543","1,6970072277","1,8639194029","1,8474650298","0,9603506882","0,9650758805",
Sudan,"0,0790389724",,"0,024693499","0,0084927668","-0,0294523022","0,0270930084","0,0976215459","0,1108515366","0,074186822","-0,0316592153","0,1161848572","0,202662831","0,1814274006","0,0746580507","0,0903689164","-0,0243993426","-0,0511691577","0,0564678945","0,0130235834","0,0228097028","-0,2508734209","-0,005448527","0,001279876","-0,0018015979","0,7752195303","0,0867650111","0,0044354183","0,838098952","3,2950477469","3,4712454402","3,1715636238","4,2956586469","4,7622716507","7,5881162612","6,968349629","8,4151797824","9,7108288338","5,2125970728","4,4811438984","3,3243028192","3,3261422348",
Suriname,"-1,9076472194","-2,3666214031","0,9340837819","4,1511627239","1,8038862976","0,2226451577","0,1871513323","-3,1467238183","-1,6381711465","-3,1231800264","2,0322368864","6,1939428732","-1,0825274371","8,2320901799","-7,3226001252","2,1769538728","-6,0501682528","-11,8046637892","-13,1464809669","-54,3583301282","-19,2444999286","4,2216146596","-13,4206620826","-10,7078677473","-4,9921416784","-2,9699699995","2,2209625332","-0,9896649865","0,9629629773","-6,9456667382","-16,5888721757","-3,5103090239","-6,8249120737","-5,9871784313","-2,5129373301","1,555377551","-7,6624294992","-10,195596206","-7,6201069519","-2,8726386555",,
Swaziland,,,"0,4565859951","0,0270389613","1,3363480897","5,0187089999","2,7005299492","6,5812011894","6,3810789804","13,4653222087","4,875092844","6,4424442416","-2,5258581416","-1,0165488645","0,9887762019","3,1714359273","6,8779887737","9,6310395323","7,2690994178","9,6170450565","2,7003453853","7,0914499268","6,7903264419","5,2926893592","4,4545544276","3,0463295604","1,3456235883","-0,8912919128","9,6843005334","6,3481774062","5,9469225795","2,1736368833","7,5193065298","-3,2850703035","2,8745644778","-1,7743406317","4,1056420499","1,2277673655","3,5012385334","2,2275256804","3,6688707473",
Sweden,"0,3064675264","0,2176901154","0,1435320748","0,1520732378","0,1248258249","0,1041268034","0,0058566776","0,092769867","0,0718149096","0,098073681","0,1899916455","0,1502641769","0,3340592697","0,2310273747","0,2855735278","0,3695953355","0,7693936362","0,3726855638","0,8635811019","0,8867640083","0,8110921576","2,4638281429","-0,002029243","1,8337763487","2,8815834514","5,8890649868","1,9865297176","4,0568572519","7,8584347172","23,4248637658","9,6584160001","4,9452127141","4,9364108228","1,5915007999","3,3467928975","3,2727500186","7,1383855197","6,0081208918","7,8553900722","2,6828739923","1,2750540609",
Switzerland,,,,,,,,,,,,,,"0,6254404721","0,7921094207","1,2740192597","1,4883764781","1,2992855108","0,2097600453","1,3387399916","2,3276663417","1,1779120047","0,4496285766","0,6993073233","1,3628466796","1,3161516474","1,4349202605","2,7613961834","3,5392356772","4,6329122168","7,9083401653","3,6834414276","2,4353704903","5,3749924946","0,5113278091","-0,1409619089","11,5002199551","7,6961616523","3,1802989695","5,9518247545","4,1117179043",
Syria,"-0,0046720595",,"0,0003268313","-0,0013891084","0,0001938151","0,0020506869","0,0013100101","0,0011694369",,"0,0004028326","-0,0003062219","0,0002577619","0,0005828612","-0,0001137062","0,000285664","0,091443651","0,1504527582","0,1937265067","0,2552698486","0,3044635506","0,3249753919","0,4159659011","0,430072936","0,7958550109","2,4797421858","0,8774464731","0,6454157662","0,5515250576","0,539443655","1,656810224","1,3970892485","0,521331121","0,5328453056","0,7329986231","1,0961883036","1,732563836","1,9770289887","3,0737753507","2,7873146399","4,7641984908","2,4839738829",
Tajikistan,,,,,,,,,,,,,,,,,,,,,,,"0,4713901184","0,5465496737","0,8914811438","0,8120026296","1,7243145534","1,9526099064","2,2679944883","0,6168876591","2,7358424204","0,8785740544","2,9535658475","2,0364957099","13,1023899516","2,35604544","11,9646345237","9,6778506364","7,2808161993","0,3177764068","0,2799015908",
Tanzania,,,,,,,,,,,,,,,,,,,"0,0737196241","0,1321217631","0,0002348112","0,0002017513","0,2644760395","0,4804883462","1,108459378","2,2822311631","2,3100787519","2,0547559682","1,8437958435","5,3279996282","4,54948544","3,7443801802","3,6670315049","3,1242371462","1,7677830108","6,6152315848","2,8123123871","3,4561241366","1,9311879034","1,9400104046","1,891520093",
Thailand,,,,,,"0,5753379769","0,4658008579","0,5363073012","0,231824938","0,2019639439","0,586827846","0,8338261931","0,5216446839","0,8730831673","0,9594301947","0,4195312952","0,6091039454","0,69640723","1,7924749854","2,4573439245","2,8632041555","2,0501774793","1,8958903624","1,4431093617","0,9468915011","1,2307785892","1,2837965796","2,5811635345","6,5392700704","4,9765069931","2,7427018038","4,385778129","2,6337430336","3,6681628163","3,6322446688","4,5677744197","4,5656382468","4,5862266072","3,1324421634","1,8420753178","3,0386849821",
Timor-Leste,,,,,,,,,,,,,,,,,,,,,,,,,,,,,,,,,,"1,5174613835",,"0,2735632659","2,5941460716","2,1870484784","7,9727849921","8,3496655518","39,8925820257",
Togo,,,,,"-7,9028373292","0,844321289","0,9082202381","1,4481104113","11,2691003997","5,896633493","3,7608803983","1,0592678269","1,9634154629","0,1884872345","-1,3836944085","2,1348763781","0,5762013813","0,5724626024","0,9403710666","0,677704648","1,1200709705","0,4044085881","-0,7743564025","-0,9625422988","1,569206827","1,9985485381","1,1811886937","1,4009747508","1,9001337407","2,700024453","3,1540901984","4,7878884446","3,6151393602","1,9178313506","2,8800512465","3,6400331101","3,5107691869","1,9482206314","0,7549876033","1,5374605051","1,3020106243",
Tonga,,,,,,,,"0,1171667551","0,1202863633",,,,,,"0,0326030004","0,2160970512","0,2607311962","0,0602713123","0,0267994211","0,1631785634","0,1742313125","0,2715291517","0,8930248838","1,5727165353","1,4349156993","0,5077593406","0,1297868988","-0,0049615343","0,024224572","0,4921911157","2,5462323708","0,6682615619","-0,1813651392","1,626757991","1,9228862988","2,7746373105","3,4100346045","9,0657596901","1,1971185956","-0,0116310773","4,6541329282",
Trinidad and Tobago,"10,1235020527","11,5192035331","7,9472595596","5,012278239","5,8840784104","3,8055927982","5,2852881484","2,6616929701","3,6165435009","2,0387840659","2,9593549337","3,7680985481","2,5470002102","1,5091296319","1,4595913208","0,0160476343","-0,3030180011","0,6907172676","1,3989331699","3,4442029851","2,158844598","3,1576869786","3,2154479303","8,2713469061","10,4336659755","5,6093499038","6,17063284","17,41706089","12,0748258215","9,4478228684","8,3330111349","9,460759717","8,7774865912","7,1938664998","7,7463894969","5,8796350092","4,8050592514","3,8181121192","10,3225096892","3,5979016739","2,6664825993",
Tunisia,,,,,,,"2,4314820581","1,8249007753","1,5298491888","0,6844584886","2,6832092291","3,5078992879","4,1836826876","2,2053353686","1,3723352013","1,2823682285","0,7122514598","0,9458236869","0,6004173777","0,771644491","0,6206453094","0,9595328286","3,39259638","3,8462564796","2,7635343838","1,4660433677","1,2167961998","1,6344446519","2,9805004683","1,5248173993","3,5028659153","2,0477734537","3,4171997872","1,9701937241","1,9038319943","2,2397045244","9,5128698544","3,9345937141","5,8790265961","3,6658508338","3,1628799743",
Turkey,,,,,"0,179775716","0,2554123487","0,0195007289","0,0460147685","0,0521896454","0,0838981678","0,0261668642","0,1337274396","0,0852101085","0,0745805491","0,1883650118","0,1472448519","0,1650644194","0,1319218997","0,3896412058","0,6187971612","0,4539533028","0,5362773479","0,5305006336","0,3525063246","0,4652224336","0,5221672043","0,3978497263","0,4240532504","0,3490698216","0,3135116671","0,3683869497","1,710157935","0,4653071769","0,5617063412","0,7101579553","2,0768982854","3,8020336046","3,4067565754","2,6705461692","1,3683095496","1,2369879466",
Turkmenistan,,,,,,,,,,,,,,,,,,,,,,,,"2,4848815805","4,0216802011","9,3867267119","4,5417067224","4,4022963003","2,3909231821","5,1006112716","4,5099902406","4,8093625703","6,1855268242","3,7808824173","5,1722995123","5,1601881088","7,111583749","6,7592296296","6,6263573883","20,7339993227","10,4146345742",
Turks and Caicos Islands,,,,,,,,,,,,,,,,,,,,,,,,,,,,,,,,,,,,,,,,,,
Tuvalu,,,,,,,,,,,,,,,,,,,,,,,,,"2,2044187764",0,"0,3242743946",0,"0,3919296224","0,1461272668","-6,609157828","4,245843493","167,3826767987","0,0536820666","0,1820524836","-0,0901435308","19,9903045962","0,4972059435","5,5848651239","8,5410156655","4,784566271",
Uganda,"0,3334511396","-0,0846745009","-0,7981379606","0,305555604","0,0809930699","0,0889998116","0,0837657827","0,0272435897","0,0813961844","0,0935005435","0,3213858156",,"0,0927669346",,,"-0,1136462043",,,"0,0722084706","-0,0333555645","-0,1373013815","0,030104802","0,1049884277","1,6954209342","2,2102878168","2,1056951992","2,001791578","2,7913653854","3,1891552459","2,3372263319","2,5947618356","2,5938884445","2,9885273524","3,1908203328","3,720440644","4,1116650167","6,4573417987","6,6490809568","5,0472229585","4,990630579","4,8038913776",
Ukraine,,,,,,,,,,,,,,,,,,,,,,,"0,2704811941","0,3046525353","0,3025715441","0,5537825735","1,1692604919","1,2422632767","1,7739792188","1,5705825305","1,9032979198","2,0836981243","1,6347078517","2,8404470645","2,6432168594","9,0641015558","5,2007799277","6,9304012177","6,0630335761","4,1082415955","4,7089338913",
United Arab Emirates,,,,,,"0,1083510252","0,2572734149","0,4512745898","0,1645368339","0,206818392","0,2239513878","-0,0343377747","0,2038920143","0,106393608","0,4071952414","-0,5441875274","0,3246855397","0,1284048845","0,5207070698","0,0935487854","-0,2284353098","0,0503179638","0,2391629437","0,7214719498","0,1053197894","0,6081954677","0,4084748671","0,2948159862","0,3404853023","-1,1668357528","-0,4852815191","1,1458921373","0,0867813637","3,4226626156","6,7671519199","6,0348308885","5,7657130282","5,4954558077","4,3588478751","1,4806447721","1,326497633",
United Kingdom,"1,192350553","1,2546473998","0,7447376488","1,4874842967","2,2119975364","1,4036308783","1,3234181168","1,7254162036","1,1649049951","1,5313218443","1,8679926192","1,1415595298","1,1025926207","1,1120978053","-0,0791472568","1,1795917938","1,5023027012","2,2727189365","2,6514498527","3,682752883","3,3087549721","1,558133193","1,5167304869","1,6836436771","1,0112424689","1,8780675219","2,2459634659","2,7599778619","5,1270598913","5,9447658603","8,2694813274","3,6612396598","1,5840911767","1,4842780332","2,6044004562","7,779087365","6,3045799261","7,1838022279","3,5473164183","3,3583873466","2,3419477463",
United States,"0,1229508197","0,0781600934","0,1102040816","0,1548236325","0,2241066021","0,1576937292","0,1796473385","0,1440206595","0,257029877","0,3420483586","0,6117434508","0,8115857981","0,3864671438","0,2985542787","0,6348066865","0,4781590518","0,8004293785","1,2443550618","1,1405993797","1,2546647793","0,8431870348","0,3908476234","0,3163627072","0,7805070714","0,6596313614","0,7876376322","1,1162286643","1,2788711924","2,0481638256","3,1119557037","3,2455853235","1,632026891","0,7966799494","0,5748836706","1,2357119274","0,8953949617","1,8232405033","1,5803215434","2,16895271","1,1288465282","1,6194575327",
Uruguay,"0,0996611551","-0,0295653248","-0,0520666159","0,035062975","-0,0019558695","0,6398566961","0,0858975047","1,604018831","2,6230813607","3,0008995005","2,8485626979","0,4398852643","-0,1492569436","0,1097548227","0,0700996031","-0,1669478056","0,6292396138","0,6800141064","0,56979256","0,4467379639","0,4467224034","0,2885904169","0,0877454727","0,6765699359","0,8841414972","0,8114972223","0,6668140081","0,5273313931","0,6464211146","0,9810729558","1,1768215818","1,4201537535","1,4239413633","3,4569184835","2,4284771414","4,8805299608","7,6278456319","5,6789141404","5,9585393484","4,145807616","4,1661625211",
Uzbekistan,,,,,,,,,,,,,,,,,,,,,,,"0,0694776792","0,3664142127","0,5659320819","-0,179769066","0,6452125273","1,1312613249","0,9313514452","0,7096656112","0,5428631326","0,7262296981","0,6740331328","0,8150414872","1,4679938015","1,3391568635","1,0204982634","3,1607169067","2,5478624896","2,1665713454","2,1086868867",
Vanuatu,,,,,,,,,,"4,1003253391","4,0869070249","7,211401481","7,0639936723","5,3277321889","5,4870525208","3,7395570177","1,6997226659","9,8545083284","7,2796454607","6,3458239687","8,2774062868","13,4878596316","13,4865629596","13,8068215051","13,5848439804","13,2726096555","13,350367936","11,8149497329","7,7709806941","5,0012706581","7,4466895202","6,9803976836","5,4114799918","5,7477982203","5,454475446","3,3693764284","9,9786284952","6,4719371261","7,3975803635","5,4365422451","5,5670570836",
Venezuela,"-0,177016827","1,4580323757","-2,3613837616","-0,4319669342","-1,4783185707","1,3306523266","-2,4509050028","-0,0070859909","0,1440623512","0,1578459628","0,0819243306","0,2437123882","0,3350994602","0,1094335493","0,0321702368","0,1173714142","0,0271577198","0,0463128431","0,1523231736","0,5054303659","0,9590131723","3,703534533","1,0757587543","0,640192137","1,4381768569","1,3152844757","3,1981323323","7,2252899407","5,4577179154","2,949758074","4,0128858086","2,9965079755","0,8418597019","2,4395438165","1,3187919354","1,9042908026","-0,2768731527","0,715113372","0,3840830639","-0,7775969066","0,3085384047",
Vietnam,,,,,,,,,,,,,,,,"-0,0005675897","0,0001518798","0,0282712454","0,0302079006","0,0646719029","2,7813228973","3,9027967863","4,8033478434","7,0275923428","11,9394824231","8,5859660797","9,7130807329","8,270096544","6,1412144149","4,9226636288","4,1639242306","3,9773353843","3,9933577852","3,6660123105","3,5440810729","3,6925544549","3,9400122759","9,4345477239","10,5155055123","7,8205146759","7,5169004476",
Virgin Islands (U.S.),,,,,,,,,,,,,,,,,,,,,,,,,,,,,,,,,,,,,,,,,,
West Bank and Gaza,,,,,,,,,,,,,,,,,,,,,,,,,,"3,8073352961","5,2716322476","4,403884329","5,5306992741","4,5247382607","1,507453048","0,5754562208","0,3332699873","0,5715565919","1,3557453857","1,1589530868",,,,,,
"Yemen, Rep.",,,,,,,,,,,,,,,,,,,,,"-2,317941578","4,7636147889","11,1082747622","16,8210596072","0,3791372721","-5,111782106","-1,0387706343","-2,0251383184","-3,4686541792","-4,0255977651","0,0664101694","1,5743868916","1,068914126","-0,7565692523","1,0349096433","-1,802916178","5,8746249522","4,2356653948","5,7755438847","0,5140993984","0,178229669",
Zambia,"0,5322169484","0,5093069665","1,5487625295","1,314577228","1,305482807","1,5563263032","1,1637697267","1,7081054922","1,3733896363","1,0496225269","1,5885996931","-0,9580498728","1,0074502821","0,7739749449","0,632468894","2,2863643197","1,7003096863","3,2888273284","2,5020853881","4,0980474573","6,1641261781","1,015757086","1,4138445901","9,6043835005","1,1952519953","2,7892462054","3,5807071581","5,3038269387","6,1163895173","5,1735057528","3,7532627262","1,9714394592","8,0062616138","7,9334922437","6,6921898209","4,9723085367","5,7538600971","11,4708502585","6,4109907485","5,4259937687","6,431230675",
Zimbabwe,"0,9908681182","1,0024251604","0,8772357514","0,9213279592","0,8374848799","0,6604441544","0,673633489","-0,0874165788","0,0578907762","0,0028382916","0,0232028775","0,0442628791","-0,0098514582","-0,0267169474","-0,0391710925","0,0505318086","0,1197442659","-0,4525398362","-0,2307628944","-0,1228622569","-0,1389583627","0,0322917526","0,2214316982","0,4258977837","0,5028372359","1,6551191127","0,9458507355","1,5839013582","6,9400532557","0,8603074894","0,3467884455","0,0560688252","0,4083810286","0,0663455104","0,1498553523","1,7862060036","0,7347678267","1,301977507","1,1685569053","1,7991116256","1,4098456078",
